-- MySQL dump 10.13  Distrib 5.1.55, for pc-linux-gnu (i686)
--
-- Host: localhost    Database: dbname
-- ------------------------------------------------------
-- Server version	5.1.55

/*!40101 SET @OLD_CHARACTER_SET_CLIENT=@@CHARACTER_SET_CLIENT */;
/*!40101 SET @OLD_CHARACTER_SET_RESULTS=@@CHARACTER_SET_RESULTS */;
/*!40101 SET @OLD_COLLATION_CONNECTION=@@COLLATION_CONNECTION */;
/*!40101 SET NAMES utf8 */;
/*!40103 SET @OLD_TIME_ZONE=@@TIME_ZONE */;
/*!40103 SET TIME_ZONE='+00:00' */;
/*!40014 SET @OLD_UNIQUE_CHECKS=@@UNIQUE_CHECKS, UNIQUE_CHECKS=0 */;
/*!40014 SET @OLD_FOREIGN_KEY_CHECKS=@@FOREIGN_KEY_CHECKS, FOREIGN_KEY_CHECKS=0 */;
/*!40101 SET @OLD_SQL_MODE=@@SQL_MODE, SQL_MODE='NO_AUTO_VALUE_ON_ZERO' */;
/*!40111 SET @OLD_SQL_NOTES=@@SQL_NOTES, SQL_NOTES=0 */;

--
-- Table structure for table `admins`
--

DROP TABLE IF EXISTS `admins`;
/*!40101 SET @saved_cs_client     = @@character_set_client */;
/*!40101 SET character_set_client = utf8 */;
CREATE TABLE `admins` (
  `id` int(8) NOT NULL AUTO_INCREMENT,
  `name` varchar(30) NOT NULL,
  `password` varchar(32) NOT NULL,
  `email` varchar(30) NOT NULL,
  `address` varchar(30) DEFAULT NULL,
  `credit` int(20) NOT NULL DEFAULT '20',
  PRIMARY KEY (`id`)
) ENGINE=MyISAM AUTO_INCREMENT=82 DEFAULT CHARSET=utf8;
/*!40101 SET character_set_client = @saved_cs_client */;

--
-- Dumping data for table `admins`
--

LOCK TABLES `admins` WRITE;
/*!40000 ALTER TABLE `admins` DISABLE KEYS */;
INSERT INTO `admins` VALUES (37,'phpman','2b4c3f7824a4de1216a63be9add078ff','php@cn\'ho','df\'dfd',15),(36,'google','2b4c3f7824a4de1216a63be9add078ff','g@g.cn','usa',25),(34,'admin','2b4c3f7824a4de1216a63be9add078ff','hl@hl.com','zhengzhou',20),(35,'aptana','2b4c3f7824a4de1216a63be9add078ff','aptana@gmail.com','rpc',20),(39,'jerry','346b81a32e7007eccadf60252bb599f0','huanle@gmail.com','郑州',20),(40,'alibaba','346b81a32e7007eccadf60252bb599f0','huanle@gmail.com','huanyuanlu',20),(42,'huanle','346b81a32e7007eccadf60252bb599f0','hl@hl.com','gggug',20),(43,'huadf','a95dcb8aebb202efeedb10d5538edeb9','huanle@gmail.com','',20),(44,'','','',NULL,20),(45,'jim','hello','example2','2',56),(46,'0','hello','example2','2',56),(47,'0','hello','example2','2',56),(48,'0','hello','example2','2',56),(49,'0','hello','example2','2',56),(50,'0','hello','example2','2',56),(51,'0','hello','example2','2',56),(52,'0','hello','example2','2',56),(53,'0','hello','example2','2',56),(54,'0','hello','example2','2',56),(55,'0','hello','example2','2',56),(56,'0','hello','example2','2',56),(57,'0','hello','example2','2',56),(58,'0','hello','example2','2',56),(59,'0','hello','example2','2',56),(60,'0','hello','example2','2',56),(61,'0','hello','example2','2',56),(62,'0','hello','example2','2',56),(63,'0','hello','example2','2',56),(64,'0','hello','example2','2',56),(65,'0','hello','example2','2',56),(66,'0','hello','example2','2',56),(67,'0','hello','example2','2',56),(68,'0','hello','example2','2',56),(69,'0','hello','example2','2',56),(70,'0','hello','example2','2',56),(71,'0','hello','example2','2',56),(72,'0','hello','example2','2',56),(73,'0','hello','example2','2',56),(74,'0','hello','example2','2',56),(75,'0','hello','example2','2',56),(76,'0','hello','example2','2',56),(77,'0','hello','example2','2',56),(78,'0','hello','example2','2',56),(79,'0','hello','example2','2',56),(80,'0','hello','example2','2',56),(81,'0','hello','example2','2',56);
/*!40000 ALTER TABLE `admins` ENABLE KEYS */;
UNLOCK TABLES;

--
-- Table structure for table `artclass`
--

DROP TABLE IF EXISTS `artclass`;
/*!40101 SET @saved_cs_client     = @@character_set_client */;
/*!40101 SET character_set_client = utf8 */;
CREATE TABLE `artclass` (
  `cid` int(20) NOT NULL AUTO_INCREMENT COMMENT 'resource class id',
  `pid` int(20) NOT NULL COMMENT 'parent class id',
  `cname` varchar(45) NOT NULL COMMENT 'class name',
  PRIMARY KEY (`cid`)
) ENGINE=MyISAM AUTO_INCREMENT=9 DEFAULT CHARSET=utf8;
/*!40101 SET character_set_client = @saved_cs_client */;

--
-- Dumping data for table `artclass`
--

LOCK TABLES `artclass` WRITE;
/*!40000 ALTER TABLE `artclass` DISABLE KEYS */;
INSERT INTO `artclass` VALUES (3,2,'php'),(2,1,'文档'),(1,0,'下载'),(4,2,'mysql'),(5,2,'html'),(6,5,'生活'),(7,2,'文学'),(8,2,'计算机');
/*!40000 ALTER TABLE `artclass` ENABLE KEYS */;
UNLOCK TABLES;

--
-- Table structure for table `artcomment`
--

DROP TABLE IF EXISTS `artcomment`;
/*!40101 SET @saved_cs_client     = @@character_set_client */;
/*!40101 SET character_set_client = utf8 */;
CREATE TABLE `artcomment` (
  `cid` int(32) NOT NULL AUTO_INCREMENT COMMENT '评论id',
  `aid` int(32) NOT NULL COMMENT '资源id',
  `uid` int(32) NOT NULL COMMENT '发评论用户id',
  `comt` varchar(100) NOT NULL COMMENT '评论内容',
  `ctime` timestamp NOT NULL DEFAULT CURRENT_TIMESTAMP COMMENT '评论时间',
  PRIMARY KEY (`cid`)
) ENGINE=MyISAM AUTO_INCREMENT=776 DEFAULT CHARSET=utf8;
/*!40101 SET character_set_client = @saved_cs_client */;

--
-- Dumping data for table `artcomment`
--

LOCK TABLES `artcomment` WRITE;
/*!40000 ALTER TABLE `artcomment` DISABLE KEYS */;
INSERT INTO `artcomment` VALUES (243,55,37,'test','2010-12-14 01:22:18'),(242,55,37,'test','2010-12-14 01:22:18'),(241,55,37,'test','2010-12-14 01:22:17'),(240,55,37,'test','2010-12-14 01:22:17'),(239,55,37,'test','2010-12-14 01:22:17'),(238,55,37,'test','2010-12-14 01:22:16'),(237,55,37,'test','2010-12-14 01:22:16'),(236,55,37,'test','2010-12-14 01:22:15'),(235,55,37,'test','2010-12-14 01:22:15'),(234,55,37,'test','2010-12-14 01:22:15'),(233,55,37,'test','2010-12-14 01:22:14'),(231,55,37,'test','2010-12-14 01:20:46'),(232,55,37,'test','2010-12-14 01:22:14'),(230,55,37,'test','2010-12-14 01:20:46'),(229,55,37,'test','2010-12-14 01:20:45'),(228,55,37,'test','2010-12-14 01:20:44'),(227,55,37,'test','2010-12-14 01:20:43'),(226,55,37,'test','2010-12-14 01:20:42'),(225,55,37,'test','2010-12-14 01:20:42'),(224,55,37,'test','2010-12-14 01:20:40'),(223,55,37,'test','2010-12-14 01:20:39'),(222,55,37,'test','2010-12-14 01:20:37'),(220,55,37,'test','2010-12-14 01:20:35'),(221,55,37,'test','2010-12-14 01:20:36'),(218,55,37,'test','2010-12-14 01:20:34'),(219,55,37,'test','2010-12-14 01:20:35'),(217,55,37,'test','2010-12-14 01:20:33'),(216,55,37,'test','2010-12-14 01:20:33'),(215,55,37,'test','2010-12-14 01:20:32'),(214,55,37,'test','2010-12-14 01:20:31'),(213,55,37,'test','2010-12-14 01:20:30'),(212,55,37,'test','2010-12-14 01:20:30'),(211,55,37,'test','2010-12-14 01:20:29'),(210,55,37,'test','2010-12-14 01:20:29'),(209,55,37,'test','2010-12-14 01:20:28'),(208,55,37,'test','2010-12-14 01:20:28'),(207,55,37,'test','2010-12-14 01:20:27'),(206,55,37,'test','2010-12-14 01:20:27'),(205,55,37,'test','2010-12-14 01:20:26'),(204,55,37,'test','2010-12-14 01:20:26'),(203,55,37,'test','2010-12-14 01:20:24'),(202,55,37,'dsssgretewewrewre','2010-12-14 00:23:37'),(201,55,37,'qt4ttrtrrtytte','2010-12-14 00:23:32'),(200,55,37,'ertretrt','2010-12-14 00:23:14'),(199,55,37,'rtwtert','2010-12-14 00:23:06'),(198,55,37,'etertret','2010-12-14 00:23:02'),(197,55,37,'ewtert','2010-12-14 00:22:50'),(196,55,37,'erteryry','2010-12-14 00:22:47'),(195,55,37,'写下您的评价吧...','2010-12-14 00:22:44'),(194,55,37,'写下您的评价吧...','2010-12-14 00:22:43'),(193,55,37,'写下您的评价吧...','2010-12-14 00:22:41'),(192,55,37,'写下您的评价吧...','2010-12-14 00:22:40'),(191,55,37,'写下您的评价吧...','2010-12-14 00:22:39'),(190,55,37,'写下您的评价吧...','2010-12-14 00:22:37'),(244,55,37,'test','2010-12-14 01:22:19'),(245,55,37,'test','2010-12-14 01:22:19'),(246,55,37,'test','2010-12-14 01:22:20'),(247,55,37,'test','2010-12-14 01:22:20'),(248,55,37,'test','2010-12-14 01:22:21'),(249,55,37,'test','2010-12-14 01:22:21'),(250,55,37,'test','2010-12-14 01:22:22'),(251,55,37,'test','2010-12-14 01:22:22'),(252,55,37,'test','2010-12-14 01:22:23'),(253,55,37,'test','2010-12-14 01:22:23'),(254,55,37,'test','2010-12-14 01:22:24'),(255,55,37,'纯属虚构！','2010-12-14 02:34:42'),(256,55,37,'纯属虚构！','2010-12-14 02:34:42'),(257,55,37,'纯属虚构！','2010-12-14 02:34:42'),(258,55,37,'纯属虚构！','2010-12-14 02:34:42'),(259,55,37,'纯属虚构！','2010-12-14 02:34:42'),(260,55,37,'纯属虚构！','2010-12-14 02:34:42'),(261,55,37,'纯属虚构！','2010-12-14 02:34:42'),(262,55,37,'纯属虚构！','2010-12-14 02:34:42'),(263,55,37,'纯属虚构！','2010-12-14 02:34:42'),(264,55,37,'纯属虚构！','2010-12-14 02:34:42'),(265,55,37,'纯属虚构！','2010-12-14 02:34:42'),(266,55,37,'纯属虚构！','2010-12-14 02:34:42'),(267,55,37,'纯属虚构！','2010-12-14 02:34:42'),(268,55,37,'纯属虚构！','2010-12-14 02:34:42'),(269,55,37,'纯属虚构！','2010-12-14 02:34:42'),(270,55,37,'纯属虚构！','2010-12-14 02:34:42'),(271,55,37,'纯属虚构！','2010-12-14 02:34:42'),(272,55,37,'纯属虚构！','2010-12-14 02:34:42'),(273,55,37,'纯属虚构！','2010-12-14 02:34:42'),(274,55,37,'纯属虚构！','2010-12-14 02:34:42'),(275,55,37,'纯属虚构！','2010-12-14 02:34:42'),(276,55,37,'纯属虚构！','2010-12-14 02:34:42'),(277,55,37,'纯属虚构！','2010-12-14 02:34:42'),(278,55,37,'纯属虚构！','2010-12-14 02:34:42'),(279,55,37,'纯属虚构！','2010-12-14 02:34:42'),(280,55,37,'纯属虚构！','2010-12-14 02:34:42'),(281,55,37,'纯属虚构！','2010-12-14 02:34:42'),(282,55,37,'纯属虚构！','2010-12-14 02:34:42'),(283,55,37,'纯属虚构！','2010-12-14 02:34:42'),(284,55,37,'纯属虚构！','2010-12-14 02:34:42'),(285,55,37,'纯属虚构！','2010-12-14 02:34:42'),(286,55,37,'纯属虚构！','2010-12-14 02:34:42'),(287,55,37,'纯属虚构！','2010-12-14 02:34:42'),(288,55,37,'纯属虚构！','2010-12-14 02:34:42'),(289,55,37,'纯属虚构！','2010-12-14 02:34:42'),(290,55,37,'纯属虚构！','2010-12-14 02:34:42'),(291,55,37,'纯属虚构！','2010-12-14 02:34:42'),(292,55,37,'纯属虚构！','2010-12-14 02:34:42'),(293,55,37,'纯属虚构！','2010-12-14 02:34:42'),(294,55,37,'纯属虚构！','2010-12-14 02:34:42'),(295,55,37,'纯属虚构！','2010-12-14 02:34:42'),(296,55,37,'纯属虚构！','2010-12-14 02:34:42'),(297,55,37,'纯属虚构！','2010-12-14 02:34:42'),(298,55,37,'纯属虚构！','2010-12-14 02:34:42'),(299,55,37,'纯属虚构！','2010-12-14 02:34:42'),(300,55,37,'纯属虚构！','2010-12-14 02:34:42'),(301,55,37,'纯属虚构！','2010-12-14 02:34:42'),(302,55,37,'纯属虚构！','2010-12-14 02:34:42'),(303,55,37,'纯属虚构！','2010-12-14 02:34:42'),(304,55,37,'纯属虚构！','2010-12-14 02:34:42'),(305,55,37,'纯属虚构！','2010-12-14 02:34:42'),(306,55,37,'纯属虚构！','2010-12-14 02:34:42'),(307,55,37,'纯属虚构！','2010-12-14 02:34:42'),(308,55,37,'纯属虚构！','2010-12-14 02:34:42'),(309,55,37,'纯属虚构！','2010-12-14 02:34:42'),(310,55,37,'纯属虚构！','2010-12-14 02:34:42'),(311,55,37,'纯属虚构！','2010-12-14 02:34:42'),(312,55,37,'纯属虚构！','2010-12-14 02:34:42'),(313,55,37,'纯属虚构！','2010-12-14 02:34:42'),(314,55,37,'纯属虚构！','2010-12-14 02:34:42'),(315,55,37,'纯属虚构！','2010-12-14 02:34:42'),(316,55,37,'纯属虚构！','2010-12-14 02:34:42'),(317,55,37,'纯属虚构！','2010-12-14 02:34:42'),(318,55,37,'纯属虚构！','2010-12-14 02:34:42'),(319,55,37,'纯属虚构！','2010-12-14 02:34:42'),(320,55,37,'纯属虚构！','2010-12-14 02:34:42'),(321,55,37,'纯属虚构！','2010-12-14 02:34:42'),(322,55,37,'纯属虚构！','2010-12-14 02:34:42'),(323,55,37,'纯属虚构！','2010-12-14 02:34:42'),(324,55,37,'纯属虚构！','2010-12-14 02:34:42'),(325,55,37,'纯属虚构！','2010-12-14 02:34:42'),(326,55,37,'纯属虚构！','2010-12-14 02:34:42'),(327,55,37,'纯属虚构！','2010-12-14 02:34:42'),(328,55,37,'纯属虚构！','2010-12-14 02:34:42'),(329,55,37,'纯属虚构！','2010-12-14 02:34:42'),(330,55,37,'纯属虚构！','2010-12-14 02:34:42'),(331,55,37,'纯属虚构！','2010-12-14 02:34:42'),(332,55,37,'纯属虚构！','2010-12-14 02:34:42'),(333,55,37,'纯属虚构！','2010-12-14 02:34:42'),(334,55,37,'纯属虚构！','2010-12-14 02:34:42'),(335,55,37,'纯属虚构！','2010-12-14 02:34:42'),(336,55,37,'纯属虚构！','2010-12-14 02:34:42'),(337,55,37,'纯属虚构！','2010-12-14 02:34:42'),(338,55,37,'纯属虚构！','2010-12-14 02:34:42'),(339,55,37,'纯属虚构！','2010-12-14 02:34:42'),(340,55,37,'纯属虚构！','2010-12-14 02:34:42'),(341,55,37,'纯属虚构！','2010-12-14 02:34:42'),(342,55,37,'纯属虚构！','2010-12-14 02:34:42'),(343,55,37,'纯属虚构！','2010-12-14 02:34:42'),(344,55,37,'纯属虚构！','2010-12-14 02:34:42'),(345,55,37,'纯属虚构！','2010-12-14 02:34:42'),(346,55,37,'纯属虚构！','2010-12-14 02:34:42'),(347,55,37,'纯属虚构！','2010-12-14 02:34:42'),(348,55,37,'纯属虚构！','2010-12-14 02:34:42'),(349,55,37,'纯属虚构！','2010-12-14 02:34:42'),(350,55,37,'纯属虚构！','2010-12-14 02:34:42'),(351,55,37,'纯属虚构！','2010-12-14 02:34:42'),(352,55,37,'纯属虚构！','2010-12-14 02:34:42'),(353,55,37,'纯属虚构！','2010-12-14 02:34:42'),(354,55,37,'纯属虚构！','2010-12-14 02:34:42'),(355,55,37,'纯属虚构！','2010-12-14 02:34:42'),(356,55,37,'纯属虚构！','2010-12-14 02:34:42'),(357,55,37,'纯属虚构！','2010-12-14 02:34:42'),(358,55,37,'纯属虚构！','2010-12-14 02:34:42'),(359,55,37,'纯属虚构！','2010-12-14 02:34:42'),(360,55,37,'纯属虚构！','2010-12-14 02:34:42'),(361,55,37,'纯属虚构！','2010-12-14 02:34:42'),(362,55,37,'纯属虚构！','2010-12-14 02:34:42'),(363,55,37,'纯属虚构！','2010-12-14 02:34:42'),(364,55,37,'纯属虚构！','2010-12-14 02:34:42'),(365,55,37,'纯属虚构！','2010-12-14 02:34:42'),(366,55,37,'纯属虚构！','2010-12-14 02:34:42'),(367,55,37,'纯属虚构！','2010-12-14 02:34:42'),(368,55,37,'纯属虚构！','2010-12-14 02:34:42'),(369,55,37,'纯属虚构！','2010-12-14 02:34:42'),(370,55,37,'纯属虚构！','2010-12-14 02:34:42'),(371,55,37,'纯属虚构！','2010-12-14 02:34:42'),(372,55,37,'纯属虚构！','2010-12-14 02:34:42'),(373,55,37,'纯属虚构！','2010-12-14 02:34:42'),(374,55,37,'纯属虚构！','2010-12-14 02:34:42'),(375,55,37,'纯属虚构！','2010-12-14 02:34:42'),(376,55,37,'纯属虚构！','2010-12-14 02:34:42'),(377,55,37,'纯属虚构！','2010-12-14 02:34:42'),(378,55,37,'纯属虚构！','2010-12-14 02:34:42'),(379,55,37,'纯属虚构！','2010-12-14 02:34:42'),(380,55,37,'纯属虚构！','2010-12-14 02:34:42'),(381,55,37,'纯属虚构！','2010-12-14 02:34:42'),(382,55,37,'纯属虚构！','2010-12-14 02:34:42'),(383,55,37,'纯属虚构！','2010-12-14 02:34:42'),(384,55,37,'纯属虚构！','2010-12-14 02:34:42'),(385,55,37,'纯属虚构！','2010-12-14 02:34:42'),(386,55,37,'纯属虚构！','2010-12-14 02:34:42'),(387,55,37,'纯属虚构！','2010-12-14 02:34:42'),(388,55,37,'纯属虚构！','2010-12-14 02:34:42'),(389,55,37,'纯属虚构！','2010-12-14 02:34:42'),(390,55,37,'纯属虚构！','2010-12-14 02:34:42'),(391,55,37,'纯属虚构！','2010-12-14 02:34:42'),(392,55,37,'纯属虚构！','2010-12-14 02:34:42'),(393,55,37,'纯属虚构！','2010-12-14 02:34:42'),(394,55,37,'纯属虚构！','2010-12-14 02:34:42'),(395,55,37,'纯属虚构！','2010-12-14 02:34:42'),(396,55,37,'纯属虚构！','2010-12-14 02:34:42'),(397,55,37,'纯属虚构！','2010-12-14 02:34:42'),(398,55,37,'纯属虚构！','2010-12-14 02:34:42'),(399,55,37,'纯属虚构！','2010-12-14 02:34:42'),(400,55,37,'纯属虚构！','2010-12-14 02:34:42'),(401,55,37,'纯属虚构！','2010-12-14 02:34:42'),(402,55,37,'纯属虚构！','2010-12-14 02:34:42'),(403,55,37,'纯属虚构！','2010-12-14 02:34:42'),(404,55,37,'纯属虚构！','2010-12-14 02:34:42'),(405,55,37,'纯属虚构！','2010-12-14 02:34:42'),(406,55,37,'纯属虚构！','2010-12-14 02:34:42'),(407,55,37,'纯属虚构！','2010-12-14 02:34:42'),(408,55,37,'纯属虚构！','2010-12-14 02:34:42'),(409,55,37,'纯属虚构！','2010-12-14 02:34:42'),(410,55,37,'纯属虚构！','2010-12-14 02:34:42'),(411,55,37,'纯属虚构！','2010-12-14 02:34:42'),(412,55,37,'纯属虚构！','2010-12-14 02:34:42'),(413,55,37,'纯属虚构！','2010-12-14 02:34:42'),(414,55,37,'纯属虚构！','2010-12-14 02:34:42'),(415,55,37,'纯属虚构！','2010-12-14 02:34:42'),(416,55,37,'纯属虚构！','2010-12-14 02:34:42'),(417,55,37,'纯属虚构！','2010-12-14 02:34:42'),(418,55,37,'纯属虚构！','2010-12-14 02:34:42'),(419,55,37,'纯属虚构！','2010-12-14 02:34:42'),(420,55,37,'纯属虚构！','2010-12-14 02:34:42'),(421,55,37,'纯属虚构！','2010-12-14 02:34:42'),(422,55,37,'纯属虚构！','2010-12-14 02:34:42'),(423,55,37,'纯属虚构！','2010-12-14 02:34:42'),(424,55,37,'纯属虚构！','2010-12-14 02:34:42'),(425,55,37,'纯属虚构！','2010-12-14 02:34:42'),(426,55,37,'纯属虚构！','2010-12-14 02:34:42'),(427,55,37,'纯属虚构！','2010-12-14 02:34:42'),(428,55,37,'纯属虚构！','2010-12-14 02:34:42'),(429,55,37,'纯属虚构！','2010-12-14 02:34:42'),(430,55,37,'纯属虚构！','2010-12-14 02:34:42'),(431,55,37,'纯属虚构！','2010-12-14 02:34:42'),(432,55,37,'纯属虚构！','2010-12-14 02:34:42'),(433,55,37,'纯属虚构！','2010-12-14 02:34:42'),(434,55,37,'纯属虚构！','2010-12-14 02:34:42'),(435,55,37,'纯属虚构！','2010-12-14 02:34:42'),(436,55,37,'纯属虚构！','2010-12-14 02:34:42'),(437,55,37,'纯属虚构！','2010-12-14 02:34:42'),(438,55,37,'纯属虚构！','2010-12-14 02:34:42'),(439,55,37,'纯属虚构！','2010-12-14 02:34:42'),(440,55,37,'纯属虚构！','2010-12-14 02:34:42'),(441,55,37,'纯属虚构！','2010-12-14 02:34:42'),(442,55,37,'纯属虚构！','2010-12-14 02:34:42'),(443,55,37,'纯属虚构！','2010-12-14 02:34:42'),(444,55,37,'纯属虚构！','2010-12-14 02:34:42'),(445,55,37,'纯属虚构！','2010-12-14 02:34:42'),(446,55,37,'纯属虚构！','2010-12-14 02:34:42'),(447,55,37,'纯属虚构！','2010-12-14 02:34:42'),(448,55,37,'纯属虚构！','2010-12-14 02:34:42'),(449,55,37,'纯属虚构！','2010-12-14 02:34:42'),(450,55,37,'纯属虚构！','2010-12-14 02:34:42'),(451,55,37,'纯属虚构！','2010-12-14 02:34:42'),(452,55,37,'纯属虚构！','2010-12-14 02:34:42'),(453,55,37,'纯属虚构！','2010-12-14 02:34:42'),(454,55,37,'纯属虚构！','2010-12-14 02:34:42'),(455,55,37,'纯属虚构！','2010-12-14 02:34:42'),(456,55,37,'纯属虚构！','2010-12-14 02:34:42'),(457,55,37,'纯属虚构！','2010-12-14 02:34:42'),(458,55,37,'纯属虚构！','2010-12-14 02:34:42'),(459,55,37,'纯属虚构！','2010-12-14 02:34:42'),(460,55,37,'纯属虚构！','2010-12-14 02:34:42'),(461,55,37,'纯属虚构！','2010-12-14 02:34:42'),(462,55,37,'纯属虚构！','2010-12-14 02:34:42'),(463,55,37,'纯属虚构！','2010-12-14 02:34:42'),(464,55,37,'纯属虚构！','2010-12-14 02:34:42'),(465,55,37,'纯属虚构！','2010-12-14 02:34:42'),(466,55,37,'纯属虚构！','2010-12-14 02:34:42'),(467,55,37,'纯属虚构！','2010-12-14 02:34:42'),(468,55,37,'纯属虚构！','2010-12-14 02:34:42'),(469,55,37,'纯属虚构！','2010-12-14 02:34:42'),(470,55,37,'纯属虚构！','2010-12-14 02:34:42'),(471,55,37,'纯属虚构！','2010-12-14 02:34:42'),(472,55,37,'纯属虚构！','2010-12-14 02:34:42'),(473,55,37,'纯属虚构！','2010-12-14 02:34:42'),(474,55,37,'纯属虚构！','2010-12-14 02:34:42'),(475,55,37,'纯属虚构！','2010-12-14 02:34:42'),(476,55,37,'纯属虚构！','2010-12-14 02:34:42'),(477,55,37,'纯属虚构！','2010-12-14 02:34:42'),(478,55,37,'纯属虚构！','2010-12-14 02:34:42'),(479,55,37,'纯属虚构！','2010-12-14 02:34:42'),(480,55,37,'纯属虚构！','2010-12-14 02:34:42'),(481,55,37,'纯属虚构！','2010-12-14 02:34:42'),(482,55,37,'纯属虚构！','2010-12-14 02:34:42'),(483,55,37,'纯属虚构！','2010-12-14 02:34:42'),(484,55,37,'纯属虚构！','2010-12-14 02:34:42'),(485,55,37,'纯属虚构！','2010-12-14 02:34:42'),(486,55,37,'纯属虚构！','2010-12-14 02:34:42'),(487,55,37,'纯属虚构！','2010-12-14 02:34:42'),(488,55,37,'纯属虚构！','2010-12-14 02:34:42'),(489,55,37,'纯属虚构！','2010-12-14 02:34:42'),(490,55,37,'纯属虚构！','2010-12-14 02:34:42'),(491,55,37,'纯属虚构！','2010-12-14 02:34:42'),(492,55,37,'纯属虚构！','2010-12-14 02:34:42'),(493,55,37,'纯属虚构！','2010-12-14 02:34:42'),(494,55,37,'纯属虚构！','2010-12-14 02:34:42'),(495,55,37,'纯属虚构！','2010-12-14 02:34:42'),(496,55,37,'纯属虚构！','2010-12-14 02:34:42'),(497,55,37,'纯属虚构！','2010-12-14 02:34:42'),(498,55,37,'纯属虚构！','2010-12-14 02:34:42'),(499,55,37,'纯属虚构！','2010-12-14 02:34:42'),(500,55,37,'纯属虚构！','2010-12-14 02:34:42'),(501,55,37,'纯属虚构！','2010-12-14 02:34:42'),(502,55,37,'纯属虚构！','2010-12-14 02:34:42'),(503,55,37,'纯属虚构！','2010-12-14 02:34:42'),(504,55,37,'纯属虚构！','2010-12-14 02:34:42'),(505,55,37,'纯属虚构！','2010-12-14 02:34:42'),(506,55,37,'纯属虚构！','2010-12-14 02:34:42'),(507,55,37,'纯属虚构！','2010-12-14 02:34:42'),(508,55,37,'纯属虚构！','2010-12-14 02:34:42'),(509,55,37,'纯属虚构！','2010-12-14 02:34:42'),(510,55,37,'纯属虚构！','2010-12-14 02:34:42'),(511,55,37,'纯属虚构！','2010-12-14 02:34:42'),(512,55,37,'纯属虚构！','2010-12-14 02:34:42'),(513,55,37,'纯属虚构！','2010-12-14 02:34:42'),(514,55,37,'纯属虚构！','2010-12-14 02:34:42'),(515,55,37,'纯属虚构！','2010-12-14 02:34:42'),(516,55,37,'纯属虚构！','2010-12-14 02:34:42'),(517,55,37,'纯属虚构！','2010-12-14 02:34:42'),(518,55,37,'纯属虚构！','2010-12-14 02:34:42'),(519,55,37,'纯属虚构！','2010-12-14 02:34:42'),(520,55,37,'纯属虚构！','2010-12-14 02:34:42'),(521,55,37,'纯属虚构！','2010-12-14 02:34:42'),(522,55,37,'纯属虚构！','2010-12-14 02:34:42'),(523,55,37,'纯属虚构！','2010-12-14 02:34:42'),(524,55,37,'纯属虚构！','2010-12-14 02:34:42'),(525,55,37,'纯属虚构！','2010-12-14 02:34:42'),(526,55,37,'纯属虚构！','2010-12-14 02:34:42'),(527,55,37,'纯属虚构！','2010-12-14 02:34:42'),(528,55,37,'纯属虚构！','2010-12-14 02:34:42'),(529,55,37,'纯属虚构！','2010-12-14 02:34:42'),(530,55,37,'纯属虚构！','2010-12-14 02:34:42'),(531,55,37,'纯属虚构！','2010-12-14 02:34:42'),(532,55,37,'纯属虚构！','2010-12-14 02:34:42'),(533,55,37,'纯属虚构！','2010-12-14 02:34:42'),(534,55,37,'纯属虚构！','2010-12-14 02:34:42'),(535,55,37,'纯属虚构！','2010-12-14 02:34:42'),(536,55,37,'纯属虚构！','2010-12-14 02:34:42'),(537,55,37,'纯属虚构！','2010-12-14 02:34:42'),(538,55,37,'纯属虚构！','2010-12-14 02:34:42'),(539,55,37,'纯属虚构！','2010-12-14 02:34:42'),(540,55,37,'纯属虚构！','2010-12-14 02:34:42'),(541,55,37,'纯属虚构！','2010-12-14 02:34:42'),(542,55,37,'纯属虚构！','2010-12-14 02:34:42'),(543,55,37,'纯属虚构！','2010-12-14 02:34:42'),(544,55,37,'纯属虚构！','2010-12-14 02:34:42'),(545,55,37,'纯属虚构！','2010-12-14 02:34:42'),(546,55,37,'纯属虚构！','2010-12-14 02:34:42'),(547,55,37,'纯属虚构！','2010-12-14 02:34:42'),(548,55,37,'纯属虚构！','2010-12-14 02:34:42'),(549,55,37,'纯属虚构！','2010-12-14 02:34:42'),(550,55,37,'纯属虚构！','2010-12-14 02:34:42'),(551,55,37,'纯属虚构！','2010-12-14 02:34:42'),(552,55,37,'纯属虚构！','2010-12-14 02:34:42'),(553,55,37,'纯属虚构！','2010-12-14 02:34:42'),(554,55,37,'纯属虚构！','2010-12-14 02:34:42'),(555,55,37,'纯属虚构！','2010-12-14 02:34:42'),(556,55,37,'纯属虚构！','2010-12-14 02:34:42'),(557,55,37,'纯属虚构！','2010-12-14 02:34:42'),(558,55,37,'纯属虚构！','2010-12-14 02:34:42'),(559,55,37,'纯属虚构！','2010-12-14 02:34:42'),(560,55,37,'纯属虚构！','2010-12-14 02:34:42'),(561,55,37,'纯属虚构！','2010-12-14 02:34:42'),(562,55,37,'纯属虚构！','2010-12-14 02:34:42'),(563,55,37,'纯属虚构！','2010-12-14 02:34:42'),(564,55,37,'纯属虚构！','2010-12-14 02:34:42'),(565,55,37,'纯属虚构！','2010-12-14 02:34:42'),(566,55,37,'纯属虚构！','2010-12-14 02:34:42'),(567,55,37,'纯属虚构！','2010-12-14 02:34:42'),(568,55,37,'纯属虚构！','2010-12-14 02:34:42'),(569,55,37,'纯属虚构！','2010-12-14 02:34:42'),(570,55,37,'纯属虚构！','2010-12-14 02:34:42'),(571,55,37,'纯属虚构！','2010-12-14 02:34:42'),(572,55,37,'纯属虚构！','2010-12-14 02:34:42'),(573,55,37,'纯属虚构！','2010-12-14 02:34:42'),(574,55,37,'纯属虚构！','2010-12-14 02:34:42'),(575,55,37,'纯属虚构！','2010-12-14 02:34:42'),(576,55,37,'纯属虚构！','2010-12-14 02:34:42'),(577,55,37,'纯属虚构！','2010-12-14 02:34:42'),(578,55,37,'纯属虚构！','2010-12-14 02:34:42'),(579,55,37,'纯属虚构！','2010-12-14 02:34:42'),(580,55,37,'纯属虚构！','2010-12-14 02:34:42'),(581,55,37,'纯属虚构！','2010-12-14 02:34:42'),(582,55,37,'纯属虚构！','2010-12-14 02:34:42'),(583,55,37,'纯属虚构！','2010-12-14 02:34:42'),(584,55,37,'纯属虚构！','2010-12-14 02:34:42'),(585,55,37,'纯属虚构！','2010-12-14 02:34:42'),(586,55,37,'纯属虚构！','2010-12-14 02:34:42'),(587,55,37,'纯属虚构！','2010-12-14 02:34:42'),(588,55,37,'纯属虚构！','2010-12-14 02:34:42'),(589,55,37,'纯属虚构！','2010-12-14 02:34:42'),(590,55,37,'纯属虚构！','2010-12-14 02:34:42'),(591,55,37,'纯属虚构！','2010-12-14 02:34:42'),(592,55,37,'纯属虚构！','2010-12-14 02:34:42'),(593,55,37,'纯属虚构！','2010-12-14 02:34:42'),(594,55,37,'纯属虚构！','2010-12-14 02:34:42'),(595,55,37,'纯属虚构！','2010-12-14 02:34:42'),(596,55,37,'纯属虚构！','2010-12-14 02:34:42'),(597,55,37,'纯属虚构！','2010-12-14 02:34:42'),(598,55,37,'纯属虚构！','2010-12-14 02:34:42'),(599,55,37,'纯属虚构！','2010-12-14 02:34:42'),(600,55,37,'纯属虚构！','2010-12-14 02:34:42'),(601,55,37,'纯属虚构！','2010-12-14 02:34:42'),(602,55,37,'纯属虚构！','2010-12-14 02:34:42'),(603,55,37,'纯属虚构！','2010-12-14 02:34:42'),(604,55,37,'纯属虚构！','2010-12-14 02:34:42'),(605,55,37,'纯属虚构！','2010-12-14 02:34:42'),(606,55,37,'纯属虚构！','2010-12-14 02:34:42'),(607,55,37,'纯属虚构！','2010-12-14 02:34:42'),(608,55,37,'纯属虚构！','2010-12-14 02:34:42'),(609,55,37,'纯属虚构！','2010-12-14 02:34:42'),(610,55,37,'纯属虚构！','2010-12-14 02:34:42'),(611,55,37,'纯属虚构！','2010-12-14 02:34:42'),(612,55,37,'纯属虚构！','2010-12-14 02:34:42'),(613,55,37,'纯属虚构！','2010-12-14 02:34:42'),(614,55,37,'纯属虚构！','2010-12-14 02:34:42'),(615,55,37,'纯属虚构！','2010-12-14 02:34:42'),(616,55,37,'纯属虚构！','2010-12-14 02:34:42'),(617,55,37,'纯属虚构！','2010-12-14 02:34:42'),(618,55,37,'纯属虚构！','2010-12-14 02:34:42'),(619,55,37,'纯属虚构！','2010-12-14 02:34:42'),(620,55,37,'纯属虚构！','2010-12-14 02:34:42'),(621,55,37,'纯属虚构！','2010-12-14 02:34:42'),(622,55,37,'纯属虚构！','2010-12-14 02:34:42'),(623,55,37,'纯属虚构！','2010-12-14 02:34:42'),(624,55,37,'纯属虚构！','2010-12-14 02:34:42'),(625,55,37,'纯属虚构！','2010-12-14 02:34:42'),(626,55,37,'纯属虚构！','2010-12-14 02:34:42'),(627,55,37,'纯属虚构！','2010-12-14 02:34:42'),(628,55,37,'纯属虚构！','2010-12-14 02:34:42'),(629,55,37,'纯属虚构！','2010-12-14 02:34:42'),(630,55,37,'纯属虚构！','2010-12-14 02:34:42'),(631,55,37,'纯属虚构！','2010-12-14 02:34:42'),(632,55,37,'纯属虚构！','2010-12-14 02:34:42'),(633,55,37,'纯属虚构！','2010-12-14 02:34:42'),(634,55,37,'纯属虚构！','2010-12-14 02:34:42'),(635,55,37,'纯属虚构！','2010-12-14 02:34:42'),(636,55,37,'纯属虚构！','2010-12-14 02:34:42'),(637,55,37,'纯属虚构！','2010-12-14 02:34:42'),(638,55,37,'纯属虚构！','2010-12-14 02:34:42'),(639,55,37,'纯属虚构！','2010-12-14 02:34:42'),(640,55,37,'纯属虚构！','2010-12-14 02:34:42'),(641,55,37,'纯属虚构！','2010-12-14 02:34:42'),(642,55,37,'纯属虚构！','2010-12-14 02:34:42'),(643,55,37,'纯属虚构！','2010-12-14 02:34:42'),(644,55,37,'纯属虚构！','2010-12-14 02:34:42'),(645,55,37,'纯属虚构！','2010-12-14 02:34:42'),(646,55,37,'纯属虚构！','2010-12-14 02:34:42'),(647,55,37,'纯属虚构！','2010-12-14 02:34:42'),(648,55,37,'纯属虚构！','2010-12-14 02:34:42'),(649,55,37,'纯属虚构！','2010-12-14 02:34:42'),(650,55,37,'纯属虚构！','2010-12-14 02:34:42'),(651,55,37,'纯属虚构！','2010-12-14 02:34:42'),(652,55,37,'纯属虚构！','2010-12-14 02:34:42'),(653,55,37,'纯属虚构！','2010-12-14 02:34:42'),(654,55,37,'纯属虚构！','2010-12-14 02:34:42'),(655,55,37,'纯属虚构！','2010-12-14 02:34:42'),(656,55,37,'纯属虚构！','2010-12-14 02:34:42'),(657,55,37,'纯属虚构！','2010-12-14 02:34:42'),(658,55,37,'纯属虚构！','2010-12-14 02:34:42'),(659,55,37,'纯属虚构！','2010-12-14 02:34:42'),(660,55,37,'纯属虚构！','2010-12-14 02:34:42'),(661,55,37,'纯属虚构！','2010-12-14 02:34:42'),(662,55,37,'纯属虚构！','2010-12-14 02:34:42'),(663,55,37,'纯属虚构！','2010-12-14 02:34:42'),(664,55,37,'纯属虚构！','2010-12-14 02:34:42'),(665,55,37,'纯属虚构！','2010-12-14 02:34:42'),(666,55,37,'纯属虚构！','2010-12-14 02:34:42'),(667,55,37,'纯属虚构！','2010-12-14 02:34:42'),(668,55,37,'纯属虚构！','2010-12-14 02:34:42'),(669,55,37,'纯属虚构！','2010-12-14 02:34:42'),(670,55,37,'纯属虚构！','2010-12-14 02:34:42'),(671,55,37,'纯属虚构！','2010-12-14 02:34:42'),(672,55,37,'纯属虚构！','2010-12-14 02:34:42'),(673,55,37,'纯属虚构！','2010-12-14 02:34:42'),(674,55,37,'纯属虚构！','2010-12-14 02:34:42'),(675,55,37,'纯属虚构！','2010-12-14 02:34:42'),(676,55,37,'纯属虚构！','2010-12-14 02:34:42'),(677,55,37,'纯属虚构！','2010-12-14 02:34:42'),(678,55,37,'纯属虚构！','2010-12-14 02:34:42'),(679,55,37,'纯属虚构！','2010-12-14 02:34:42'),(680,55,37,'纯属虚构！','2010-12-14 02:34:42'),(681,55,37,'纯属虚构！','2010-12-14 02:34:42'),(682,55,37,'纯属虚构！','2010-12-14 02:34:42'),(683,55,37,'纯属虚构！','2010-12-14 02:34:42'),(684,55,37,'纯属虚构！','2010-12-14 02:34:42'),(685,55,37,'纯属虚构！','2010-12-14 02:34:42'),(686,55,37,'纯属虚构！','2010-12-14 02:34:42'),(687,55,37,'纯属虚构！','2010-12-14 02:34:42'),(688,55,37,'纯属虚构！','2010-12-14 02:34:42'),(689,55,37,'纯属虚构！','2010-12-14 02:34:42'),(690,55,37,'纯属虚构！','2010-12-14 02:34:42'),(691,55,37,'纯属虚构！','2010-12-14 02:34:42'),(692,55,37,'纯属虚构！','2010-12-14 02:34:42'),(693,55,37,'纯属虚构！','2010-12-14 02:34:42'),(694,55,37,'纯属虚构！','2010-12-14 02:34:42'),(695,55,37,'纯属虚构！','2010-12-14 02:34:42'),(696,55,37,'纯属虚构！','2010-12-14 02:34:42'),(697,55,37,'纯属虚构！','2010-12-14 02:34:42'),(698,55,37,'纯属虚构！','2010-12-14 02:34:42'),(699,55,37,'纯属虚构！','2010-12-14 02:34:42'),(700,55,37,'纯属虚构！','2010-12-14 02:34:42'),(701,55,37,'纯属虚构！','2010-12-14 02:34:42'),(702,55,37,'纯属虚构！','2010-12-14 02:34:42'),(703,55,37,'纯属虚构！','2010-12-14 02:34:42'),(704,55,37,'纯属虚构！','2010-12-14 02:34:42'),(705,55,37,'纯属虚构！','2010-12-14 02:34:42'),(706,55,37,'纯属虚构！','2010-12-14 02:34:42'),(707,55,37,'纯属虚构！','2010-12-14 02:34:42'),(708,55,37,'纯属虚构！','2010-12-14 02:34:42'),(709,55,37,'纯属虚构！','2010-12-14 02:34:42'),(710,55,37,'纯属虚构！','2010-12-14 02:34:42'),(711,55,37,'纯属虚构！','2010-12-14 02:34:42'),(712,55,37,'纯属虚构！','2010-12-14 02:34:42'),(713,55,37,'纯属虚构！','2010-12-14 02:34:42'),(714,55,37,'纯属虚构！','2010-12-14 02:34:42'),(715,55,37,'纯属虚构！','2010-12-14 02:34:42'),(716,55,37,'纯属虚构！','2010-12-14 02:34:42'),(717,55,37,'纯属虚构！','2010-12-14 02:34:42'),(718,55,37,'纯属虚构！','2010-12-14 02:34:42'),(719,55,37,'纯属虚构！','2010-12-14 02:34:42'),(720,55,37,'纯属虚构！','2010-12-14 02:34:42'),(721,55,37,'纯属虚构！','2010-12-14 02:34:42'),(722,55,37,'纯属虚构！','2010-12-14 02:34:42'),(723,55,37,'纯属虚构！','2010-12-14 02:34:42'),(724,55,37,'纯属虚构！','2010-12-14 02:34:42'),(725,55,37,'纯属虚构！','2010-12-14 02:34:42'),(726,55,37,'纯属虚构！','2010-12-14 02:34:42'),(727,55,37,'纯属虚构！','2010-12-14 02:34:42'),(728,55,37,'纯属虚构！','2010-12-14 02:34:42'),(729,55,37,'纯属虚构！','2010-12-14 02:34:42'),(730,55,37,'纯属虚构！','2010-12-14 02:34:42'),(731,55,37,'纯属虚构！','2010-12-14 02:34:42'),(732,55,37,'纯属虚构！','2010-12-14 02:34:42'),(733,55,37,'纯属虚构！','2010-12-14 02:34:42'),(734,55,37,'纯属虚构！','2010-12-14 02:34:42'),(735,55,37,'纯属虚构！','2010-12-14 02:34:42'),(736,55,37,'纯属虚构！','2010-12-14 02:34:42'),(737,55,37,'纯属虚构！','2010-12-14 02:34:42'),(738,55,37,'纯属虚构！','2010-12-14 02:34:42'),(739,55,37,'纯属虚构！','2010-12-14 02:34:42'),(740,55,37,'纯属虚构！','2010-12-14 02:34:42'),(741,55,37,'纯属虚构！','2010-12-14 02:34:42'),(742,55,37,'纯属虚构！','2010-12-14 02:34:42'),(743,55,37,'纯属虚构！','2010-12-14 02:34:42'),(744,55,37,'纯属虚构！','2010-12-14 02:34:42'),(745,55,37,'纯属虚构！','2010-12-14 02:34:42'),(746,55,37,'纯属虚构！','2010-12-14 02:34:42'),(747,55,37,'纯属虚构！','2010-12-14 02:34:42'),(748,55,37,'纯属虚构！','2010-12-14 02:34:42'),(749,55,37,'纯属虚构！','2010-12-14 02:34:42'),(750,55,37,'纯属虚构！','2010-12-14 02:34:42'),(751,55,37,'纯属虚构！','2010-12-14 02:34:42'),(752,55,37,'纯属虚构！','2010-12-14 02:34:42'),(753,55,37,'纯属虚构！','2010-12-14 02:34:42'),(754,55,37,'写下您的评价吧...','2010-12-16 02:06:59'),(755,55,37,'写下您的评价吧...','2010-12-16 02:08:59'),(756,55,37,'写下您的评价吧...','2010-12-16 02:09:03'),(757,55,37,'写下您的评价吧...','2010-12-16 02:09:06'),(758,55,37,'写下您的评价吧...','2010-12-16 02:09:11'),(759,55,37,'dfdsf','2010-12-16 02:16:52'),(760,55,37,'gfdg','2010-12-16 02:30:03'),(761,54,36,'fdsf','2010-12-18 09:16:25'),(762,54,36,'dffsdf','2010-12-18 09:16:34'),(763,54,36,'rtrtrt','2010-12-18 09:19:34'),(764,52,36,'dfdsfs','2010-12-18 09:20:54'),(765,54,36,'sdfd','2010-12-18 09:23:17'),(766,54,36,'dfds','2010-12-18 09:24:55'),(767,54,36,'dfsdf','2010-12-18 09:24:59'),(768,54,36,'dfdsf','2010-12-18 09:25:05'),(769,54,36,'fdsfds','2010-12-18 09:25:49'),(770,54,36,'dsfdsf','2010-12-18 09:28:40'),(771,54,36,'dsgsdf','2010-12-18 09:29:00'),(772,54,36,'fdgdsf','2010-12-18 09:29:04'),(773,54,36,'dsgfdsf','2010-12-18 09:29:08'),(774,54,36,'sdfdsf','2010-12-18 09:29:12'),(775,55,36,'ewrew','2010-12-18 09:51:32');
/*!40000 ALTER TABLE `artcomment` ENABLE KEYS */;
UNLOCK TABLES;

--
-- Table structure for table `article`
--

DROP TABLE IF EXISTS `article`;
/*!40101 SET @saved_cs_client     = @@character_set_client */;
/*!40101 SET character_set_client = utf8 */;
CREATE TABLE `article` (
  `aId` int(32) NOT NULL AUTO_INCREMENT COMMENT 'article id',
  `aname` varchar(45) NOT NULL,
  `tname` varchar(32) NOT NULL COMMENT 'another name',
  `uid` int(8) NOT NULL,
  `aclassid` int(20) NOT NULL,
  `adesc` varchar(60) NOT NULL DEFAULT '没有描述',
  `auptime` timestamp NOT NULL DEFAULT CURRENT_TIMESTAMP,
  PRIMARY KEY (`aId`),
  KEY `pid` (`aclassid`)
) ENGINE=MyISAM AUTO_INCREMENT=56 DEFAULT CHARSET=utf8;
/*!40101 SET character_set_client = @saved_cs_client */;

--
-- Dumping data for table `article`
--

LOCK TABLES `article` WRITE;
/*!40000 ALTER TABLE `article` DISABLE KEYS */;
INSERT INTO `article` VALUES (55,'会话','EdEN5dTAHTw07Gk89XwfJwFKdfLO2HHC',36,3,'没有描述','2010-12-11 05:23:23'),(54,'logo_home.gif','jqcZY08Q6L58kDeN5EYcfC8n3zhxnRoS',36,8,'没有描述','2010-12-11 05:22:48'),(53,'another-logo','vBOIaB5gX87zgr4hHN0HrltvObfYS1ZL',37,3,'没有描述','2010-12-11 05:21:44'),(52,'新浪logo','EG3vBYNUv4s5V2n_Dh8T32pD_JOEm7Lr',37,8,'没有描述','2010-12-11 05:21:15');
/*!40000 ALTER TABLE `article` ENABLE KEYS */;
UNLOCK TABLES;

--
-- Table structure for table `articlefile`
--

DROP TABLE IF EXISTS `articlefile`;
/*!40101 SET @saved_cs_client     = @@character_set_client */;
/*!40101 SET character_set_client = utf8 */;
CREATE TABLE `articlefile` (
  `id` int(32) NOT NULL COMMENT '资源id',
  `realpath` varchar(60) NOT NULL,
  `zsize` float(15,1) NOT NULL COMMENT 'file size default KB',
  `downscro` int(20) NOT NULL DEFAULT '50',
  `adownum` int(20) NOT NULL DEFAULT '0'
) ENGINE=MyISAM DEFAULT CHARSET=utf8;
/*!40101 SET character_set_client = @saved_cs_client */;

--
-- Dumping data for table `articlefile`
--

LOCK TABLES `articlefile` WRITE;
/*!40000 ALTER TABLE `articlefile` DISABLE KEYS */;
INSERT INTO `articlefile` VALUES (55,'user_upload/HnhLIcZGGp0w8jUk0vy6owAkAsaAvc36.txt',4.0,5,3),(54,'user_upload/B84ktthd75Up2YImo8lLiapZI636_yu8.gif',1.6,5,1),(53,'user_upload/tBiOPZywFV2XboyHAbRd0emmDntvJ9dA.gif',1.6,5,2),(52,'user_upload/unb_q5bcTXsYJaPtfF6BQZFVH7eLOcpH.gif',1.6,5,2);
/*!40000 ALTER TABLE `articlefile` ENABLE KEYS */;
UNLOCK TABLES;

--
-- Table structure for table `book_reviews`
--

DROP TABLE IF EXISTS `book_reviews`;
/*!40101 SET @saved_cs_client     = @@character_set_client */;
/*!40101 SET character_set_client = utf8 */;
CREATE TABLE `book_reviews` (
  `isbn` char(13) NOT NULL,
  `review` text,
  PRIMARY KEY (`isbn`)
) ENGINE=MyISAM DEFAULT CHARSET=utf8;
/*!40101 SET character_set_client = @saved_cs_client */;

--
-- Dumping data for table `book_reviews`
--

LOCK TABLES `book_reviews` WRITE;
/*!40000 ALTER TABLE `book_reviews` DISABLE KEYS */;
INSERT INTO `book_reviews` VALUES ('0-672-31466-9','Thd mogan book is clear written and gones well beyond most of the basic books out there.');
/*!40000 ALTER TABLE `book_reviews` ENABLE KEYS */;
UNLOCK TABLES;

--
-- Table structure for table `books`
--

DROP TABLE IF EXISTS `books`;
/*!40101 SET @saved_cs_client     = @@character_set_client */;
/*!40101 SET character_set_client = utf8 */;
CREATE TABLE `books` (
  `isbn` char(13) NOT NULL,
  `author` char(50) DEFAULT NULL,
  `title` char(100) DEFAULT NULL,
  `price` float(4,2) DEFAULT NULL,
  PRIMARY KEY (`isbn`)
) ENGINE=MyISAM DEFAULT CHARSET=utf8;
/*!40101 SET character_set_client = @saved_cs_client */;

--
-- Dumping data for table `books`
--

LOCK TABLES `books` WRITE;
/*!40000 ALTER TABLE `books` DISABLE KEYS */;
INSERT INTO `books` VALUES ('0-672-31697-8','Michael Morgan','Java 2 for Professional Developers',34.99),('0-672-31745-1','Thomas Down','GNU/linux',24.99),('0-672-31746-6','Phomas','DIY',14.99),('0-672-31466-9','Txomas','PS',54.99);
/*!40000 ALTER TABLE `books` ENABLE KEYS */;
UNLOCK TABLES;

--
-- Table structure for table `customers`
--

DROP TABLE IF EXISTS `customers`;
/*!40101 SET @saved_cs_client     = @@character_set_client */;
/*!40101 SET character_set_client = utf8 */;
CREATE TABLE `customers` (
  `customerid` int(10) unsigned NOT NULL AUTO_INCREMENT,
  `name` char(50) NOT NULL,
  `address` char(100) NOT NULL,
  `city` char(30) NOT NULL,
  PRIMARY KEY (`customerid`)
) ENGINE=MyISAM AUTO_INCREMENT=206 DEFAULT CHARSET=utf8;
/*!40101 SET character_set_client = @saved_cs_client */;

--
-- Dumping data for table `customers`
--

LOCK TABLES `customers` WRITE;
/*!40000 ALTER TABLE `customers` DISABLE KEYS */;
INSERT INTO `customers` VALUES (1,'Melissa Jones','15 LinKon','Nar Nar Goon North'),(2,'Michel Archer','12 Adderley Avenue','Leeton'),(3,'Jim Green','5 King','Shanghai'),(4,'Julie Smith','25 Oak Street','Airport West'),(5,'Alan Wong','1/47 Haines Street','Box Hill'),(6,'周生生','上海大道','zhengzhou'),(205,'Boy','rood','city'),(204,'Boy','rood','city'),(203,'Boy','rood','city'),(202,'Boy','rood','city');
/*!40000 ALTER TABLE `customers` ENABLE KEYS */;
UNLOCK TABLES;

--
-- Table structure for table `hbl_user`
--

DROP TABLE IF EXISTS `hbl_user`;
/*!40101 SET @saved_cs_client     = @@character_set_client */;
/*!40101 SET character_set_client = utf8 */;
CREATE TABLE `hbl_user` (
  `id` int(11) NOT NULL AUTO_INCREMENT,
  `username` varchar(128) NOT NULL,
  `password` varchar(128) NOT NULL,
  `email` varchar(128) NOT NULL,
  PRIMARY KEY (`id`)
) ENGINE=MyISAM AUTO_INCREMENT=4 DEFAULT CHARSET=utf8;
/*!40101 SET character_set_client = @saved_cs_client */;

--
-- Dumping data for table `hbl_user`
--

LOCK TABLES `hbl_user` WRITE;
/*!40000 ALTER TABLE `hbl_user` DISABLE KEYS */;
INSERT INTO `hbl_user` VALUES (2,'hl','hl','huanle0610@gmail.com');
/*!40000 ALTER TABLE `hbl_user` ENABLE KEYS */;
UNLOCK TABLES;

--
-- Table structure for table `images`
--

DROP TABLE IF EXISTS `images`;
/*!40101 SET @saved_cs_client     = @@character_set_client */;
/*!40101 SET character_set_client = utf8 */;
CREATE TABLE `images` (
  `image` mediumblob COMMENT 'picture'
) ENGINE=MyISAM DEFAULT CHARSET=utf8;
/*!40101 SET character_set_client = @saved_cs_client */;

--
-- Dumping data for table `images`
--

LOCK TABLES `images` WRITE;
/*!40000 ALTER TABLE `images` DISABLE KEYS */;
/*!40000 ALTER TABLE `images` ENABLE KEYS */;
UNLOCK TABLES;

--
-- Table structure for table `order_items`
--

DROP TABLE IF EXISTS `order_items`;
/*!40101 SET @saved_cs_client     = @@character_set_client */;
/*!40101 SET character_set_client = utf8 */;
CREATE TABLE `order_items` (
  `orderid` int(10) unsigned NOT NULL,
  `isbn` char(13) NOT NULL,
  `quantity` tinyint(3) unsigned DEFAULT NULL,
  PRIMARY KEY (`orderid`,`isbn`)
) ENGINE=MyISAM DEFAULT CHARSET=utf8;
/*!40101 SET character_set_client = @saved_cs_client */;

--
-- Dumping data for table `order_items`
--

LOCK TABLES `order_items` WRITE;
/*!40000 ALTER TABLE `order_items` DISABLE KEYS */;
INSERT INTO `order_items` VALUES (1,'0-672-31745-1',2),(2,'0-672-31697-8',1),(3,'0-672-31466-9',1),(3,'0-672-31697-8',1),(4,'0-672-31466-9',1),(5,'0-672-31466-9',2);
/*!40000 ALTER TABLE `order_items` ENABLE KEYS */;
UNLOCK TABLES;

--
-- Table structure for table `orders`
--

DROP TABLE IF EXISTS `orders`;
/*!40101 SET @saved_cs_client     = @@character_set_client */;
/*!40101 SET character_set_client = utf8 */;
CREATE TABLE `orders` (
  `orderid` int(10) unsigned NOT NULL AUTO_INCREMENT,
  `customerid` int(10) unsigned NOT NULL,
  `amount` float(6,2) DEFAULT NULL,
  `date` date NOT NULL,
  PRIMARY KEY (`orderid`)
) ENGINE=MyISAM AUTO_INCREMENT=5 DEFAULT CHARSET=utf8;
/*!40101 SET character_set_client = @saved_cs_client */;

--
-- Dumping data for table `orders`
--

LOCK TABLES `orders` WRITE;
/*!40000 ALTER TABLE `orders` DISABLE KEYS */;
INSERT INTO `orders` VALUES (1,5,69.98,'2000-04-02'),(2,3,49.99,'2000-04-12'),(3,4,74.98,'2000-05-02'),(4,5,69.98,'2000-06-02');
/*!40000 ALTER TABLE `orders` ENABLE KEYS */;
UNLOCK TABLES;

--
-- Table structure for table `pyk`
--

DROP TABLE IF EXISTS `pyk`;
/*!40101 SET @saved_cs_client     = @@character_set_client */;
/*!40101 SET character_set_client = utf8 */;
CREATE TABLE `pyk` (
  `PY` varchar(1) DEFAULT NULL,
  `HZ1` int(11) DEFAULT NULL,
  `HZ2` int(11) DEFAULT NULL
) ENGINE=MyISAM DEFAULT CHARSET=utf8;
/*!40101 SET character_set_client = @saved_cs_client */;

--
-- Dumping data for table `pyk`
--

LOCK TABLES `pyk` WRITE;
/*!40000 ALTER TABLE `pyk` DISABLE KEYS */;
INSERT INTO `pyk` VALUES ('A',-20319,-20284),('B',-20283,-19776),('C',-19775,-19219),('D',-19218,-18711),('E',-18710,-18527),('F',-18526,-18240),('G',-18239,-17923),('I',-17922,-17418),('J',-17417,-16475),('K',-16474,-16213),('L',-16212,-15641),('M',-15640,-15166),('N',-15165,-14923),('O',-14922,-14915),('P',-14914,-14631),('Q',-14630,-14150),('R',-14149,-14091),('S',-14090,-13319),('V',-13318,-12839),('W',-12838,-12557),('X',-12556,-11848),('Y',-11847,-11056),('Z',-11055,-10247);
/*!40000 ALTER TABLE `pyk` ENABLE KEYS */;
UNLOCK TABLES;

--
-- Table structure for table `weather_info`
--

DROP TABLE IF EXISTS `weather_info`;
/*!40101 SET @saved_cs_client     = @@character_set_client */;
/*!40101 SET character_set_client = utf8 */;
CREATE TABLE `weather_info` (
  `cityid` int(10) unsigned NOT NULL,
  `weather_info` text NOT NULL,
  `dateline` int(10) unsigned NOT NULL DEFAULT '0'
) ENGINE=MyISAM DEFAULT CHARSET=utf8;
/*!40101 SET character_set_client = @saved_cs_client */;

--
-- Dumping data for table `weather_info`
--

LOCK TABLES `weather_info` WRITE;
/*!40000 ALTER TABLE `weather_info` DISABLE KEYS */;
INSERT INTO `weather_info` VALUES (101181202,'{\"weatherinfo\":{\"city\":\"浚县\",\"city_en\":\"xunxian\",\"date_y\":\"2011年5月3日\",\"date\":\"辛卯年\",\"week\":\"星期二\",\"fchh\":\"18\",\"cityid\":\"101181202\",\"temp1\":\"10℃~26℃\",\"temp2\":\"12℃~29℃\",\"temp3\":\"14℃~27℃\",\"temp4\":\"16℃~29℃\",\"temp5\":\"18℃~30℃\",\"temp6\":\"18℃~28℃\",\"tempF1\":\"50℉~78.8℉\",\"tempF2\":\"53.6℉~84.2℉\",\"tempF3\":\"57.2℉~80.6℉\",\"tempF4\":\"60.8℉~84.2℉\",\"tempF5\":\"64.4℉~86℉\",\"tempF6\":\"64.4℉~82.4℉\",\"weather1\":\"晴\",\"weather2\":\"晴\",\"weather3\":\"晴\",\"weather4\":\"阵雨转晴\",\"weather5\":\"阵雨\",\"weather6\":\"雷阵雨\",\"img1\":\"0\",\"img2\":\"99\",\"img3\":\"0\",\"img4\":\"99\",\"img5\":\"0\",\"img6\":\"99\",\"img7\":\"3\",\"img8\":\"0\",\"img9\":\"3\",\"img10\":\"99\",\"img11\":\"4\",\"img12\":\"99\",\"img_single\":\"0\",\"img_title1\":\"晴\",\"img_title2\":\"晴\",\"img_title3\":\"晴\",\"img_title4\":\"晴\",\"img_title5\":\"晴\",\"img_title6\":\"晴\",\"img_title7\":\"阵雨\",\"img_title8\":\"晴\",\"img_title9\":\"阵雨\",\"img_title10\":\"阵雨\",\"img_title11\":\"雷阵雨\",\"img_title12\":\"雷阵雨\",\"img_title_single\":\"晴\",\"wind1\":\"微风\",\"wind2\":\"微风\",\"wind3\":\"微风\",\"wind4\":\"微风\",\"wind5\":\"微风\",\"wind6\":\"微风\",\"fx1\":\"微风\",\"fx2\":\"微风\",\"fl1\":\"小于3级\",\"fl2\":\"小于3级\",\"fl3\":\"小于3级\",\"fl4\":\"小于3级\",\"fl5\":\"小于3级\",\"fl6\":\"小于3级\",\"index\":\"暖\",\"index_d\":\"较凉爽，建议着长袖衬裤等春秋过渡装。体弱者宜着长袖衬衫和马甲。但昼夜温差较大，请适当增减衣服。\",\"index48\":\"热\",\"index48_d\":\"天气较热，建议着短裙、短裤、短套装、T恤等夏季服装。年老体弱者宜着长袖衬衫和单裤。\",\"index_uv\":\"强\",\"index48_uv\":\"强\",\"index_xc\":\"适宜\",\"index_tr\":\"很适宜\",\"index_co\":\"较舒适\",\"st1\":\"26\",\"st2\":\"12\",\"st3\":\"28\",\"st4\":\"13\",\"st5\":\"27\",\"st6\":\"15\",\"index_cl\":\"较适宜\",\"index_ls\":\"适宜\"}}',1304429511),(101190407,'{\"weatherinfo\":{\"city\":\"吴江\",\"city_en\":\"wujiang\",\"date_y\":\"2011年5月3日\",\"date\":\"辛卯年\",\"week\":\"星期二\",\"fchh\":\"18\",\"cityid\":\"101190407\",\"temp1\":\"13℃~24℃\",\"temp2\":\"14℃~26℃\",\"temp3\":\"15℃~27℃\",\"temp4\":\"17℃~30℃\",\"temp5\":\"21℃~32℃\",\"temp6\":\"22℃~32℃\",\"tempF1\":\"55.4℉~75.2℉\",\"tempF2\":\"57.2℉~78.8℉\",\"tempF3\":\"59℉~80.6℉\",\"tempF4\":\"62.6℉~86℉\",\"tempF5\":\"69.8℉~89.6℉\",\"tempF6\":\"71.6℉~89.6℉\",\"weather1\":\"阴\",\"weather2\":\"阴转多云\",\"weather3\":\"阴\",\"weather4\":\"多云\",\"weather5\":\"阴转多云\",\"weather6\":\"阵雨转雷阵雨\",\"img1\":\"2\",\"img2\":\"99\",\"img3\":\"2\",\"img4\":\"1\",\"img5\":\"2\",\"img6\":\"99\",\"img7\":\"1\",\"img8\":\"99\",\"img9\":\"2\",\"img10\":\"1\",\"img11\":\"3\",\"img12\":\"4\",\"img_single\":\"2\",\"img_title1\":\"阴\",\"img_title2\":\"阴\",\"img_title3\":\"阴\",\"img_title4\":\"多云\",\"img_title5\":\"阴\",\"img_title6\":\"阴\",\"img_title7\":\"多云\",\"img_title8\":\"多云\",\"img_title9\":\"阴\",\"img_title10\":\"多云\",\"img_title11\":\"阵雨\",\"img_title12\":\"雷阵雨\",\"img_title_single\":\"阴\",\"wind1\":\"东南风3-4级\",\"wind2\":\"南风4-5级\",\"wind3\":\"南风4-5级\",\"wind4\":\"南风4-5级\",\"wind5\":\"南风转西南风4-5级\",\"wind6\":\"西南风4-5级转3-4级\",\"fx1\":\"东南风\",\"fx2\":\"东南风\",\"fl1\":\"3-4级\",\"fl2\":\"4-5级\",\"fl3\":\"4-5级\",\"fl4\":\"4-5级\",\"fl5\":\"4-5级\",\"fl6\":\"4-5级转3-4级\",\"index\":\"舒适\",\"index_d\":\"建议着薄型套装等春秋过渡装。年老体弱者宜着套装。但昼夜温差较大，注意适当增减衣服。\",\"index48\":\"暖\",\"index48_d\":\"较凉爽，建议着长袖衬裤等春秋过渡装。体弱者宜着长袖衬衫和马甲。但昼夜温差较大，请适当增减衣服。\",\"index_uv\":\"最弱\",\"index48_uv\":\"弱\",\"index_xc\":\"较适宜\",\"index_tr\":\"很适宜\",\"index_co\":\"舒适\",\"st1\":\"25\",\"st2\":\"10\",\"st3\":\"25\",\"st4\":\"11\",\"st5\":\"28\",\"st6\":\"12\",\"index_cl\":\"较适宜\",\"index_ls\":\"不太适宜\"}}',1304429511),(101180101,'{\"weatherinfo\":{\"city\":\"郑州\",\"city_en\":\"zhengzhou\",\"date_y\":\"2011年5月3日\",\"date\":\"辛卯年\",\"week\":\"星期二\",\"fchh\":\"18\",\"cityid\":\"101180101\",\"temp1\":\"13℃~26℃\",\"temp2\":\"17℃~29℃\",\"temp3\":\"18℃~30℃\",\"temp4\":\"20℃~31℃\",\"temp5\":\"22℃~32℃\",\"temp6\":\"17℃~28℃\",\"tempF1\":\"55.4℉~78.8℉\",\"tempF2\":\"62.6℉~84.2℉\",\"tempF3\":\"64.4℉~86℉\",\"tempF4\":\"68℉~87.8℉\",\"tempF5\":\"71.6℉~89.6℉\",\"tempF6\":\"62.6℉~82.4℉\",\"weather1\":\"多云\",\"weather2\":\"晴转多云\",\"weather3\":\"多云转晴\",\"weather4\":\"晴\",\"weather5\":\"多云转阴\",\"weather6\":\"阴转晴\",\"img1\":\"1\",\"img2\":\"99\",\"img3\":\"0\",\"img4\":\"1\",\"img5\":\"1\",\"img6\":\"0\",\"img7\":\"0\",\"img8\":\"99\",\"img9\":\"1\",\"img10\":\"2\",\"img11\":\"2\",\"img12\":\"0\",\"img_single\":\"1\",\"img_title1\":\"多云\",\"img_title2\":\"多云\",\"img_title3\":\"晴\",\"img_title4\":\"多云\",\"img_title5\":\"多云\",\"img_title6\":\"晴\",\"img_title7\":\"晴\",\"img_title8\":\"晴\",\"img_title9\":\"多云\",\"img_title10\":\"阴\",\"img_title11\":\"阴\",\"img_title12\":\"晴\",\"img_title_single\":\"多云\",\"wind1\":\"微风\",\"wind2\":\"微风\",\"wind3\":\"微风\",\"wind4\":\"微风\",\"wind5\":\"微风\",\"wind6\":\"微风\",\"fx1\":\"微风\",\"fx2\":\"微风\",\"fl1\":\"小于3级\",\"fl2\":\"小于3级\",\"fl3\":\"小于3级\",\"fl4\":\"小于3级\",\"fl5\":\"小于3级\",\"fl6\":\"小于3级\",\"index\":\"暖\",\"index_d\":\"较凉爽，建议着长袖衬衫加单裤等春秋过渡装。年老体弱者宜着针织长袖衬衫、马甲和长裤。\",\"index48\":\"热\",\"index48_d\":\"天气较热，建议着短裙、短裤、短套装、T恤等夏季服装。年老体弱者宜着长袖衬衫和单裤。\",\"index_uv\":\"中等\",\"index48_uv\":\"弱\",\"index_xc\":\"适宜\",\"index_tr\":\"很适宜\",\"index_co\":\"较舒适\",\"st1\":\"28\",\"st2\":\"14\",\"st3\":\"31\",\"st4\":\"19\",\"st5\":\"29\",\"st6\":\"19\",\"index_cl\":\"适宜\",\"index_ls\":\"适宜\"}}',1304429511),(101180301,'{\"weatherinfo\":{\"city\":\"新乡\",\"city_en\":\"xinxiang\",\"date_y\":\"2011年5月3日\",\"date\":\"辛卯年\",\"week\":\"星期二\",\"fchh\":\"18\",\"cityid\":\"101180301\",\"temp1\":\"13℃~27℃\",\"temp2\":\"15℃~29℃\",\"temp3\":\"17℃~28℃\",\"temp4\":\"18℃~31℃\",\"temp5\":\"19℃~29℃\",\"temp6\":\"18℃~28℃\",\"tempF1\":\"55.4℉~80.6℉\",\"tempF2\":\"59℉~84.2℉\",\"tempF3\":\"62.6℉~82.4℉\",\"tempF4\":\"64.4℉~87.8℉\",\"tempF5\":\"66.2℉~84.2℉\",\"tempF6\":\"64.4℉~82.4℉\",\"weather1\":\"晴\",\"weather2\":\"晴\",\"weather3\":\"晴\",\"weather4\":\"晴\",\"weather5\":\"阴转阵雨\",\"weather6\":\"雷阵雨\",\"img1\":\"0\",\"img2\":\"99\",\"img3\":\"0\",\"img4\":\"99\",\"img5\":\"0\",\"img6\":\"99\",\"img7\":\"0\",\"img8\":\"99\",\"img9\":\"2\",\"img10\":\"3\",\"img11\":\"4\",\"img12\":\"99\",\"img_single\":\"0\",\"img_title1\":\"晴\",\"img_title2\":\"晴\",\"img_title3\":\"晴\",\"img_title4\":\"晴\",\"img_title5\":\"晴\",\"img_title6\":\"晴\",\"img_title7\":\"晴\",\"img_title8\":\"晴\",\"img_title9\":\"阴\",\"img_title10\":\"阵雨\",\"img_title11\":\"雷阵雨\",\"img_title12\":\"雷阵雨\",\"img_title_single\":\"晴\",\"wind1\":\"微风\",\"wind2\":\"微风\",\"wind3\":\"微风\",\"wind4\":\"微风\",\"wind5\":\"微风\",\"wind6\":\"微风\",\"fx1\":\"微风\",\"fx2\":\"微风\",\"fl1\":\"小于3级\",\"fl2\":\"小于3级\",\"fl3\":\"小于3级\",\"fl4\":\"小于3级\",\"fl5\":\"小于3级\",\"fl6\":\"小于3级\",\"index\":\"暖\",\"index_d\":\"较凉爽，建议着长袖衬裤等春秋过渡装。体弱者宜着长袖衬衫和马甲。但昼夜温差较大，请适当增减衣服。\",\"index48\":\"热\",\"index48_d\":\"天气较热，建议着短裙、短裤、短套装、T恤等夏季服装。年老体弱者宜着长袖衬衫和单裤。\",\"index_uv\":\"强\",\"index48_uv\":\"强\",\"index_xc\":\"适宜\",\"index_tr\":\"很适宜\",\"index_co\":\"较舒适\",\"st1\":\"29\",\"st2\":\"15\",\"st3\":\"30\",\"st4\":\"17\",\"st5\":\"27\",\"st6\":\"18\",\"index_cl\":\"适宜\",\"index_ls\":\"适宜\"}}',1304429511),(101181406,'{\"weatherinfo\":{\"city\":\"商水\",\"city_en\":\"shangshui\",\"date_y\":\"2011年5月3日\",\"date\":\"辛卯年\",\"week\":\"星期二\",\"fchh\":\"18\",\"cityid\":\"101181406\",\"temp1\":\"13℃~26℃\",\"temp2\":\"14℃~30℃\",\"temp3\":\"16℃~30℃\",\"temp4\":\"18℃~31℃\",\"temp5\":\"18℃~30℃\",\"temp6\":\"18℃~28℃\",\"tempF1\":\"55.4℉~78.8℉\",\"tempF2\":\"57.2℉~86℉\",\"tempF3\":\"60.8℉~86℉\",\"tempF4\":\"64.4℉~87.8℉\",\"tempF5\":\"64.4℉~86℉\",\"tempF6\":\"64.4℉~82.4℉\",\"weather1\":\"晴\",\"weather2\":\"多云\",\"weather3\":\"多云\",\"weather4\":\"多云\",\"weather5\":\"多云转阵雨\",\"weather6\":\"阵雨\",\"img1\":\"0\",\"img2\":\"99\",\"img3\":\"1\",\"img4\":\"99\",\"img5\":\"1\",\"img6\":\"99\",\"img7\":\"1\",\"img8\":\"99\",\"img9\":\"1\",\"img10\":\"3\",\"img11\":\"3\",\"img12\":\"99\",\"img_single\":\"0\",\"img_title1\":\"晴\",\"img_title2\":\"晴\",\"img_title3\":\"多云\",\"img_title4\":\"多云\",\"img_title5\":\"多云\",\"img_title6\":\"多云\",\"img_title7\":\"多云\",\"img_title8\":\"多云\",\"img_title9\":\"多云\",\"img_title10\":\"阵雨\",\"img_title11\":\"阵雨\",\"img_title12\":\"阵雨\",\"img_title_single\":\"晴\",\"wind1\":\"微风\",\"wind2\":\"微风\",\"wind3\":\"微风\",\"wind4\":\"微风\",\"wind5\":\"微风\",\"wind6\":\"微风\",\"fx1\":\"微风\",\"fx2\":\"微风\",\"fl1\":\"小于3级\",\"fl2\":\"小于3级\",\"fl3\":\"小于3级\",\"fl4\":\"小于3级\",\"fl5\":\"小于3级\",\"fl6\":\"小于3级\",\"index\":\"暖\",\"index_d\":\"较凉爽，建议着长袖衬裤等春秋过渡装。体弱者宜着长袖衬衫和马甲。但昼夜温差较大，请适当增减衣服。\",\"index48\":\"炎热\",\"index48_d\":\"天气炎热，建议着短衫、短裙、短裤、薄型T恤衫、敞领短袖棉衫等清凉夏季服装。\",\"index_uv\":\"强\",\"index48_uv\":\"中等\",\"index_xc\":\"适宜\",\"index_tr\":\"很适宜\",\"index_co\":\"较舒适\",\"st1\":\"25\",\"st2\":\"14\",\"st3\":\"31\",\"st4\":\"14\",\"st5\":\"31\",\"st6\":\"16\",\"index_cl\":\"较适宜\",\"index_ls\":\"适宜\"}}',1304429511);
/*!40000 ALTER TABLE `weather_info` ENABLE KEYS */;
UNLOCK TABLES;

--
-- Table structure for table `weather_reg`
--

DROP TABLE IF EXISTS `weather_reg`;
/*!40101 SET @saved_cs_client     = @@character_set_client */;
/*!40101 SET character_set_client = utf8 */;
CREATE TABLE `weather_reg` (
  `id` int(10) unsigned NOT NULL AUTO_INCREMENT,
  `cityid` int(10) unsigned NOT NULL,
  `name` varchar(20) NOT NULL,
  `con_number` varchar(20) NOT NULL,
  `service_name` varchar(20) NOT NULL,
  `phone` varchar(20) NOT NULL,
  `attach_msg` varchar(255) NOT NULL DEFAULT '',
  `smstype` tinyint(4) unsigned NOT NULL DEFAULT '2' COMMENT '接收格式：2中：1长：3简',
  `isactive` tinyint(4) unsigned NOT NULL DEFAULT '1' COMMENT '是否激活使用：1使用  0暂停',
  `dateline` int(10) unsigned NOT NULL COMMENT '注册时间',
  PRIMARY KEY (`id`)
) ENGINE=MyISAM AUTO_INCREMENT=24 DEFAULT CHARSET=utf8;
/*!40101 SET character_set_client = @saved_cs_client */;

--
-- Dumping data for table `weather_reg`
--

LOCK TABLES `weather_reg` WRITE;
/*!40000 ALTER TABLE `weather_reg` DISABLE KEYS */;
INSERT INTO `weather_reg` VALUES (19,101181202,'李志江','15838348705','李志江家','15838348705','for li',2,1,1304422666),(17,101190407,'李志江','15838348705','李志军','15838348705','弟：欢乐',2,1,1304422109),(18,101180101,'李志江','15838348705','李志江','15838348705','for me',2,1,1304422590),(20,101180301,'李志江','15838348705','张贺威','15838348705','for zhang2',2,1,1304422634),(21,101180101,'李志江','15838348705','王博','15838348705','for wang',2,1,1304422610),(22,101180101,'李志江','15838348705','张贺威','15838348705','for zhang1',2,1,1304422622),(23,101181406,'李志江','15838348705','张贺威','15838348705','for zhang4',2,1,1304422654);
/*!40000 ALTER TABLE `weather_reg` ENABLE KEYS */;
UNLOCK TABLES;

--
-- Table structure for table `weather_tab`
--

DROP TABLE IF EXISTS `weather_tab`;
/*!40101 SET @saved_cs_client     = @@character_set_client */;
/*!40101 SET character_set_client = utf8 */;
CREATE TABLE `weather_tab` (
  `cityid` int(10) unsigned NOT NULL,
  `cityname` varchar(20) NOT NULL,
  `pinyin` varchar(20) NOT NULL
) ENGINE=MyISAM DEFAULT CHARSET=utf8;
/*!40101 SET character_set_client = @saved_cs_client */;
DROP TABLE IF EXISTS `cats`;
CREATE TABLE `cats` (
  `id` int(8) UNSIGNED NOT NULL AUTO_INCREMENT,
  `catpath` varchar(255) NOT NULL,
  `name` varchar(30) NOT NULL,
  PRIMARY KEY (`id`)
) ENGINE=MyISAM DEFAULT CHARSET=utf8;


LOCK TABLES `weather_tab` WRITE;
/*!40000 ALTER TABLE `weather_tab` DISABLE KEYS */;
INSERT INTO `weather_tab` VALUES (101010100,'北京','BeiJing'),(101010200,'海淀','HaiDian'),(101010300,'朝阳','ChaoYang'),(101010400,'顺义','ShunYi'),(101010500,'怀柔','HuaiRou'),(101010600,'通州','TongZhou'),(101010700,'昌平','ChangPing'),(101010800,'延庆','YanQing'),(101010900,'丰台','FengTai'),(101011000,'石景山','ShiJingShan'),(101011100,'大兴','DaXing'),(101011200,'房山','FangShan'),(101011300,'密云','MiYun'),(101011400,'门头沟','MenTouGou'),(101011500,'平谷','PingGu'),(101011600,'八达岭','BaDaLing'),(101011700,'佛爷顶','FoYeDing'),(101011800,'汤河口','TangHeKou'),(101011900,'密云上甸子','MiYunShangDianZi'),(101012000,'斋堂','ZhaiTang'),(101012100,'霞云岭','XiaYunLing'),(101020100,'上海','ShangHai'),(101020200,'闵行','MinXing'),(101020300,'宝山','BaoShan'),(101020400,'川沙','ChuanSha'),(101020500,'嘉定','JiaDing'),(101020600,'南汇','NanHui'),(101020700,'金山','JinShan'),(101020800,'青浦','QingPu'),(101020900,'松江','SongJiang'),(101021000,'奉贤','FengXian'),(101021100,'崇明','ChongMing'),(101021101,'陈家镇','ChenJiaZhen'),(101021102,'引水船','YinShuiChuan'),(101021200,'徐家汇','XuJiaHui'),(101021300,'浦东','PuDong'),(101030100,'天津','TianJin'),(101030200,'武清','WuQing'),(101030300,'宝坻','BaoChi'),(101030400,'东丽','DongLi'),(101030500,'西青','XiQing'),(101030600,'北辰','BeiChen'),(101030700,'宁河','NingHe'),(101030800,'汉沽','HanGu'),(101030900,'静海','JingHai'),(101031000,'津南','JinNan'),(101031100,'塘沽','TangGu'),(101031200,'大港','DaGang'),(101031300,'平台','PingTai'),(101031400,'蓟县','JiXian'),(101040100,'重庆','ZhongQing'),(101040200,'永川','YongChuan'),(101040300,'合川','HeChuan'),(101040400,'南川','NanChuan'),(101040500,'江津','JiangJin'),(101040600,'万盛','WanSheng'),(101040700,'渝北','YuBei'),(101040800,'北碚','BeiBei'),(101040900,'巴南','BaNan'),(101041000,'长寿','ChangShou'),(101041100,'黔江','QianJiang'),(101041200,'万州天城','WanZhouTianCheng'),(101041300,'万州龙宝','WanZhouLongBao'),(101041400,'涪陵','FuLing'),(101041500,'开县','KaiXian'),(101041600,'城口','ChengKou'),(101041700,'云阳','YunYang'),(101041800,'巫溪','WuXi'),(101041900,'奉节','FengJie'),(101042000,'巫山','WuShan'),(101042100,'潼南','ChongNan'),(101042200,'垫江','DianJiang'),(101042300,'梁平','LiangPing'),(101042400,'忠县','ZhongXian'),(101042500,'石柱','ShiZhu'),(101042600,'大足','DaZu'),(101042700,'荣昌','RongChang'),(101042800,'铜梁','TongLiang'),(101042900,'璧山','BiShan'),(101043000,'丰都','FengDu'),(101043100,'武隆','WuLong'),(101043200,'彭水','PengShui'),(101043300,'綦江','QiJiang'),(101043400,'酉阳','YouYang'),(101043500,'金佛山','JinFoShan'),(101043600,'秀山','XiuShan'),(101043700,'沙坪坝','ShaPingBa'),(101050101,'哈尔滨','HaErBin'),(101050102,'双城','ShuangCheng'),(101050103,'呼兰','HuLan'),(101050104,'阿城','ACheng'),(101050105,'宾县','BinXian'),(101050106,'依兰','YiLan'),(101050107,'巴彦','BaYan'),(101050108,'通河','TongHe'),(101050109,'方正','FangZheng'),(101050110,'延寿','YanShou'),(101050111,'尚志','ShangZhi'),(101050112,'五常','WuChang'),(101050113,'木兰','MuLan'),(101050201,'齐齐哈尔','QiQiHaEr'),(101050202,'讷河','NeHe'),(101050203,'龙江','LongJiang'),(101050204,'甘南','GanNan'),(101050205,'富裕','FuYu'),(101050206,'依安','YiAn'),(101050207,'拜泉','BaiQuan'),(101050208,'克山','KeShan'),(101050209,'克东','KeDong'),(101050210,'泰来','TaiLai'),(101050301,'牡丹江','MuDanJiang'),(101050302,'海林','HaiLin'),(101050303,'穆棱','MuLeng'),(101050304,'林口','LinKou'),(101050305,'绥芬河','SuiFenHe'),(101050306,'宁安','NingAn'),(101050307,'东宁','DongNing'),(101050401,'佳木斯','JiaMuSi'),(101050402,'汤原','TangYuan'),(101050403,'抚远','FuYuan'),(101050404,'桦川','HuaChuan'),(101050405,'桦南','HuaNan'),(101050406,'同江','TongJiang'),(101050407,'富锦','FuJin'),(101050501,'绥化','SuiHua'),(101050502,'肇东','ZhaoDong'),(101050503,'安达','AnDa'),(101050504,'海伦','HaiLun'),(101050505,'明水','MingShui'),(101050506,'望奎','WangKui'),(101050507,'兰西','LanXi'),(101050508,'青冈','QingGang'),(101050509,'庆安','QingAn'),(101050510,'绥棱','SuiLeng'),(101050601,'黑河','HeiHe'),(101050602,'嫩江','NenJiang'),(101050603,'孙吴','SunWu'),(101050604,'逊克','XunKe'),(101050605,'五大连池','WuDaLianChi'),(101050606,'北安','BeiAn'),(101050701,'大兴安岭','DaXingAnLing'),(101050702,'塔河','TaHe'),(101050703,'漠河','MoHe'),(101050704,'呼玛','HuMa'),(101050705,'呼中','HuZhong'),(101050706,'新林','XinLin'),(101050707,'阿木尔','AMuEr'),(101050708,'加格达奇','JiaGeDaQi'),(101050801,'伊春','YiChun'),(101050802,'乌伊岭','WuYiLing'),(101050803,'五营','WuYing'),(101050804,'铁力','TieLi'),(101050805,'嘉荫','JiaYin'),(101050901,'大庆','DaQing'),(101050902,'林甸','LinDian'),(101050903,'肇州','ZhaoZhou'),(101050904,'肇源','ZhaoYuan'),(101050905,'杜蒙','DuMeng'),(101051002,'七台河','QiTaiHe'),(101051003,'勃利','BoLi'),(101051101,'鸡西','JiXi'),(101051102,'虎林','HuLin'),(101051103,'密山','MiShan'),(101051104,'鸡东','JiDong'),(101051201,'鹤岗','HeGang'),(101051202,'绥滨','SuiBin'),(101051203,'萝北','LuoBei'),(101051301,'双鸭山','ShuangYaShan'),(101051302,'集贤','JiXian'),(101051303,'宝清','BaoQing'),(101051304,'饶河','RaoHe'),(101060101,'长春','ChangChun'),(101060102,'农安','NongAn'),(101060103,'德惠','DeHui'),(101060104,'九台','JiuTai'),(101060105,'榆树','YuShu'),(101060106,'双阳','ShuangYang'),(101060201,'吉林','JiLin'),(101060202,'舒兰','ShuLan'),(101060203,'永吉','YongJi'),(101060204,'蛟河','JiaoHe'),(101060205,'磐石','PanShi'),(101060206,'桦甸','HuaDian'),(101060207,'烟筒山','YanTongShan'),(101060301,'延吉','YanJi'),(101060302,'敦化','DunHua'),(101060303,'安图','AnTu'),(101060304,'汪清','WangQing'),(101060305,'和龙','HeLong'),(101060306,'天池','TianChi'),(101060307,'龙井','LongJing'),(101060308,'珲春','HuiChun'),(101060309,'图们','TuMen'),(101060310,'松江','SongJiang'),(101060311,'罗子沟','LuoZiGou'),(101060312,'延边','YanBian'),(101060401,'四平','SiPing'),(101060402,'双辽','ShuangLiao'),(101060403,'梨树','LiShu'),(101060404,'公主岭','GongZhuLing'),(101060405,'伊通','YiTong'),(101060406,'孤家子','GuJiaZi'),(101060501,'通化','TongHua'),(101060502,'梅河口','MeiHeKou'),(101060503,'柳河','LiuHe'),(101060504,'辉南','HuiNan'),(101060505,'集安','JiAn'),(101060506,'通化县','TongHuaXian'),(101060601,'白城','BaiCheng'),(101060602,'洮南','DaoNan'),(101060603,'大安','DaAn'),(101060604,'镇赉','ZhenLai'),(101060605,'通榆','TongYu'),(101060701,'辽源','LiaoYuan'),(101060702,'东丰','DongFeng'),(101060801,'松原','SongYuan'),(101060802,'乾安','QianAn'),(101060803,'前郭','QianGuo'),(101060804,'长岭','ChangLing'),(101060805,'扶余','FuYu'),(101060901,'白山','BaiShan'),(101060902,'靖宇','JingYu'),(101060903,'临江','LinJiang'),(101060904,'东岗','DongGang'),(101060905,'长白','ChangBai'),(101070101,'沈阳','ShenYang'),(101070102,'苏家屯','SuJiaTun'),(101070103,'辽中','LiaoZhong'),(101070104,'康平','KangPing'),(101070105,'法库','FaKu'),(101070106,'新民','XinMin'),(101070107,'于洪','YuHong'),(101070108,'新城子','XinChengZi'),(101070201,'大连','DaLian'),(101070202,'瓦房店','WaFangDian'),(101070203,'金州','JinZhou'),(101070204,'普兰店','PuLanDian'),(101070205,'旅顺','LvShun'),(101070206,'长海','ChangHai'),(101070207,'庄河','ZhuangHe'),(101070208,'皮口','PiKou'),(101070209,'海洋岛','HaiYangDao'),(101070301,'鞍山','AnShan'),(101070302,'台安','TaiAn'),(101070303,'岫岩','XiuYan'),(101070304,'海城','HaiCheng'),(101070401,'抚顺','FuShun'),(101070403,'清原','QingYuan'),(101070404,'章党','ZhangDang'),(101070501,'本溪','BenXi'),(101070502,'本溪县','BenXiXian'),(101070503,'草河口','CaoHeKou'),(101070504,'桓仁','HuanRen'),(101070601,'丹东','DanDong'),(101070602,'凤城','FengCheng'),(101070603,'宽甸','KuanDian'),(101070604,'东港','DongGang'),(101070605,'东沟','DongGou'),(101070701,'锦州','JinZhou'),(101070702,'凌海','LingHai'),(101070703,'北宁','BeiNing'),(101070704,'义县','YiXian'),(101070705,'黑山','HeiShan'),(101070706,'北镇','BeiZhen'),(101070801,'营口','YingKou'),(101070802,'大石桥','DaShiQiao'),(101070803,'盖州','GaiZhou'),(101070901,'阜新','FuXin'),(101070902,'彰武','ZhangWu'),(101071001,'辽阳','LiaoYang'),(101071002,'辽阳县','LiaoYangXian'),(101071003,'灯塔','DengTa'),(101071101,'铁岭','TieLing'),(101071102,'开原','KaiYuan'),(101071103,'昌图','ChangTu'),(101071104,'西丰','XiFeng'),(101071201,'朝阳','ChaoYang'),(101071202,'建平','JianPing'),(101071203,'凌源','LingYuan'),(101071204,'喀左','KaZuo'),(101071205,'北票','BeiPiao'),(101071206,'羊山','YangShan'),(101071207,'建平县','JianPingXian'),(101071301,'盘锦','PanJin'),(101071302,'大洼','DaWa'),(101071303,'盘山','PanShan'),(101071401,'葫芦岛','HuLuDao'),(101071402,'建昌','JianChang'),(101071403,'绥中','SuiZhong'),(101071404,'兴城','XingCheng'),(101080101,'呼和浩特','HuHeHaoTe'),(101080102,'土默特左旗','TuMoTeZuoQi'),(101080103,'托克托','TuoKeTuo'),(101080104,'和林格尔','HeLinGeEr'),(101080105,'清水河','QingShuiHe'),(101080106,'呼和浩特市郊区','HuHeHaoTeShiJiaoQu'),(101080107,'武川','WuChuan'),(101080201,'包头','BaoTou'),(101080202,'白云鄂博','BaiYunEBo'),(101080203,'满都拉','ManDuLa'),(101080204,'土默特右旗','TuMoTeYouQi'),(101080205,'固阳','GuYang'),(101080206,'达尔罕茂明安联合旗','DaErHanMaoMingAnLian'),(101080207,'石拐','ShiGuai'),(101080301,'乌海','WuHai'),(101080401,'集宁','JiNing'),(101080402,'卓资','ZhuoZi'),(101080403,'化德','HuaDe'),(101080404,'商都','ShangDu'),(101080405,'希拉穆仁','XiLaMuRen'),(101080406,'兴和','XingHe'),(101080407,'凉城','LiangCheng'),(101080408,'察哈尔右翼前旗','ChaHaErYouYiQianQi'),(101080409,'察哈尔右翼中旗','ChaHaErYouYiZhongQi'),(101080410,'察哈尔右翼后旗','ChaHaErYouYiHouQi'),(101080411,'四子王旗','SiZiWangQi'),(101080412,'丰镇','FengZhen'),(101080501,'通辽','TongLiao'),(101080502,'舍伯吐','SheBoTu'),(101080503,'科尔沁左翼中旗','KeErQinZuoYiZhongQi'),(101080504,'科尔沁左翼后旗','KeErQinZuoYiHouQi'),(101080505,'青龙山','QingLongShan'),(101080506,'开鲁','KaiLu'),(101080507,'库伦旗','KuLunQi'),(101080508,'奈曼旗','NaiManQi'),(101080509,'扎鲁特旗','ZhaLuTeQi'),(101080510,'高力板','GaoLiBan'),(101080511,'巴雅尔吐胡硕','BaYaErTuHuShuo'),(101080512,'通辽钱家店','TongLiaoQianJiaDian'),(101080601,'赤峰','ChiFeng'),(101080602,'赤峰郊区站','ChiFengJiaoQuZhan'),(101080603,'阿鲁科尔沁旗','ALuKeErQinQi'),(101080604,'浩尔吐','HaoErTu'),(101080605,'巴林左旗','BaLinZuoQi'),(101080606,'巴林右旗','BaLinYouQi'),(101080607,'林西','LinXi'),(101080608,'克什克腾旗','KeShiKeTengQi'),(101080609,'翁牛特旗','WengNiuTeQi'),(101080610,'岗子','GangZi'),(101080611,'喀喇沁旗','KaLaQinQi'),(101080612,'八里罕','BaLiHan'),(101080613,'宁城','NingCheng'),(101080614,'敖汉旗','AoHanQi'),(101080615,'宝过图','BaoGuoTu'),(101080701,'鄂尔多斯','EErDuoSi'),(101080703,'达拉特旗','DaLaTeQi'),(101080704,'准格尔旗','ZhunGeErQi'),(101080705,'鄂托克前旗','ETuoKeQianQi'),(101080706,'河南','HeNan'),(101080707,'伊克乌素','YiKeWuSu'),(101080708,'鄂托克旗','ETuoKeQi'),(101080709,'杭锦旗','HangJinQi'),(101080710,'乌审旗','WuShenQi'),(101080711,'伊金霍洛旗','YiJinHuoLuoQi'),(101080712,'乌审召','WuShenZhao'),(101080713,'东胜','DongSheng'),(101080801,'临河','LinHe'),(101080802,'五原','WuYuan'),(101080803,'磴口','DengKou'),(101080804,'乌拉特前旗','WuLaTeQianQi'),(101080805,'大佘太','DaSheTai'),(101080806,'乌拉特中旗','WuLaTeZhongQi'),(101080807,'乌拉特后旗','WuLaTeHouQi'),(101080808,'海力素','HaiLiSu'),(101080809,'那仁宝力格','NaRenBaoLiGe'),(101080810,'杭锦后旗','HangJinHouQi'),(101080811,'巴盟农试站','BaMengNongShiZhan'),(101080901,'锡林浩特','XiLinHaoTe'),(101080902,'朝克乌拉','ChaoKeWuLa'),(101080903,'二连浩特','ErLianHaoTe'),(101080904,'阿巴嘎旗','ABaGaQi'),(101080905,'伊和郭勒','YiHeGuoLe'),(101080906,'苏尼特左旗','SuNiTeZuoQi'),(101080907,'苏尼特右旗','SuNiTeYouQi'),(101080908,'朱日和','ZhuRiHe'),(101080909,'东乌珠穆沁旗','DongWuZhuMuQinQi'),(101080910,'西乌珠穆沁旗','XiWuZhuMuQinQi'),(101080911,'太仆寺旗','TaiPuSiQi'),(101080912,'镶黄旗','XiangHuangQi'),(101080913,'正镶白旗','ZhengXiangBaiQi'),(101080914,'正兰旗','ZhengLanQi'),(101080915,'多伦','DuoLun'),(101080916,'博克图','BoKeTu'),(101080917,'乌拉盖','WuLaGai'),(101080918,'白日乌拉','BaiRiWuLa'),(101080919,'那日图','NaRiTu'),(101081000,'呼伦贝尔','HuLunBeiEr'),(101081001,'海拉尔','HaiLaEr'),(101081002,'小二沟','XiaoErGou'),(101081003,'阿荣旗','ARongQi'),(101081004,'莫力达瓦旗','MoLiDaWaQi'),(101081005,'鄂伦春旗','ELunChunQi'),(101081006,'鄂温克旗','EWenKeQi'),(101081007,'陈巴尔虎旗','ChenBaErHuQi'),(101081008,'新巴尔虎左旗','XinBaErHuZuoQi'),(101081009,'新巴尔虎右旗','XinBaErHuYouQi'),(101081010,'满洲里','ManZhouLi'),(101081011,'牙克石','YaKeShi'),(101081012,'扎兰屯','ZhaLanTun'),(101081014,'额尔古纳','EErGuNa'),(101081015,'根河','GenHe'),(101081016,'图里河','TuLiHe'),(101081101,'乌兰浩特','WuLanHaoTe'),(101081102,'阿尔山','AErShan'),(101081103,'科尔沁右翼中旗','KeErQinYouYiZhongQi'),(101081104,'胡尔勒','HuErLe'),(101081105,'扎赉特旗','ZhaLaiTeQi'),(101081106,'索伦','SuoLun'),(101081107,'突泉','TuQuan'),(101081108,'霍林郭勒','HuoLinGuoLe'),(101081201,'阿拉善左旗','ALaShanZuoQi'),(101081202,'阿拉善右旗','ALaShanYouQi'),(101081203,'额济纳旗','EJiNaQi'),(101081204,'拐子湖','GuaiZiHu'),(101081205,'吉兰太','JiLanTai'),(101081206,'锡林高勒','XiLinGaoLe'),(101081207,'头道湖','TouDaoHu'),(101081208,'中泉子','ZhongQuanZi'),(101081209,'巴彦诺尔贡','BaYanNuoErGong'),(101081210,'雅布赖','YaBuLai'),(101081211,'乌斯太','WuSiTai'),(101081212,'孪井滩','LuanJingTan'),(101090101,'石家庄','ShiJiaZhuang'),(101090102,'井陉','JingJing'),(101090103,'正定','ZhengDing'),(101090104,'栾城','LuanCheng'),(101090105,'行唐','XingTang'),(101090106,'灵寿','LingShou'),(101090107,'高邑','GaoYi'),(101090108,'深泽','ShenZe'),(101090109,'赞皇','ZanHuang'),(101090110,'无极','WuJi'),(101090111,'平山','PingShan'),(101090112,'元氏','YuanShi'),(101090113,'赵县','ZhaoXian'),(101090114,'辛集','XinJi'),(101090115,'藁城','GaoCheng'),(101090116,'晋洲','JinZhou'),(101090117,'新乐','XinLe'),(101090201,'保定','BaoDing'),(101090202,'满城','ManCheng'),(101090203,'阜平','FuPing'),(101090204,'徐水','XuShui'),(101090205,'唐县','TangXian'),(101090206,'高阳','GaoYang'),(101090207,'容城','RongCheng'),(101090208,'紫荆关','ZiJingGuan'),(101090209,'涞源','LaiYuan'),(101090210,'望都','WangDu'),(101090211,'安新','AnXin'),(101090212,'易县','YiXian'),(101090213,'涞水','LaiShui'),(101090214,'曲阳','QuYang'),(101090215,'蠡县','LiXian'),(101090216,'顺平','ShunPing'),(101090217,'雄县','XiongXian'),(101090218,'涿州','ZhuoZhou'),(101090219,'定州','DingZhou'),(101090220,'安国','AnGuo'),(101090221,'高碑店','GaoBeiDian'),(101090301,'张家口','ZhangJiaKou'),(101090302,'宣化','XuanHua'),(101090303,'张北','ZhangBei'),(101090304,'康保','KangBao'),(101090305,'沽源','GuYuan'),(101090306,'尚义','ShangYi'),(101090307,'蔚县','WeiXian'),(101090308,'阳原','YangYuan'),(101090309,'怀安','HuaiAn'),(101090310,'万全','WanQuan'),(101090311,'怀来','HuaiLai'),(101090312,'涿鹿','ZhuoLu'),(101090313,'赤城','ChiCheng'),(101090314,'崇礼','ChongLi'),(101090402,'承德','ChengDe'),(101090403,'承德县','ChengDeXian'),(101090404,'兴隆','XingLong'),(101090405,'平泉','PingQuan'),(101090406,'滦平','LuanPing'),(101090407,'隆化','LongHua'),(101090408,'丰宁','FengNing'),(101090409,'宽城','KuanCheng'),(101090410,'围场','WeiChang'),(101090411,'塞罕坎','SaiHanKan'),(101090501,'唐山','TangShan'),(101090502,'丰南','FengNan'),(101090503,'丰润','FengRun'),(101090504,'滦县','LuanXian'),(101090505,'滦南','LuanNan'),(101090506,'乐亭','LeTing'),(101090507,'迁西','QianXi'),(101090508,'玉田','YuTian'),(101090509,'唐海','TangHai'),(101090510,'遵化','ZunHua'),(101090511,'迁安','QianAn'),(101090601,'廊坊','LangFang'),(101090602,'固安','GuAn'),(101090603,'永清','YongQing'),(101090604,'香河','XiangHe'),(101090605,'大城','DaCheng'),(101090606,'文安','WenAn'),(101090607,'大厂','DaChang'),(101090608,'霸州','BaZhou'),(101090609,'三河','SanHe'),(101090701,'沧州','CangZhou'),(101090702,'青县','QingXian'),(101090703,'东光','DongGuang'),(101090704,'海兴','HaiXing'),(101090705,'盐山','YanShan'),(101090706,'肃宁','SuNing'),(101090707,'南皮','NanPi'),(101090708,'吴桥','WuQiao'),(101090709,'献县','XianXian'),(101090710,'孟村','MengCun'),(101090711,'泊头','BoTou'),(101090712,'任丘','RenQiu'),(101090713,'黄骅','HuangHua'),(101090714,'河间','HeJian'),(101090715,'曹妃甸','CaoFeiDian'),(101090801,'衡水','HengShui'),(101090802,'枣强','ZaoQiang'),(101090803,'武邑','WuYi'),(101090804,'武强','WuQiang'),(101090805,'饶阳','RaoYang'),(101090806,'安平','AnPing'),(101090807,'故城','GuCheng'),(101090808,'景县','JingXian'),(101090809,'阜城','FuCheng'),(101090810,'冀州','JiZhou'),(101090811,'深州','ShenZhou'),(101090901,'邢台','XingTai'),(101090902,'临城','LinCheng'),(101090903,'邢台县浆水','XingTaiXianJiangShui'),(101090904,'内邱','NeiQiu'),(101090905,'柏乡','BaiXiang'),(101090906,'隆尧','LongYao'),(101090907,'南和','NanHe'),(101090908,'宁晋','NingJin'),(101090909,'巨鹿','JuLu'),(101090910,'新河','XinHe'),(101090911,'广宗','GuangZong'),(101090912,'平乡','PingXiang'),(101090913,'威县','WeiXian'),(101090914,'清河','QingHe'),(101090915,'临西','LinXi'),(101090916,'南宫','NanGong'),(101090917,'沙河','ShaHe'),(101090918,'任县','RenXian'),(101091001,'邯郸','HanDan'),(101091002,'峰峰','FengFeng'),(101091003,'临漳','LinZhang'),(101091004,'成安','ChengAn'),(101091005,'大名','DaMing'),(101091006,'涉县','SheXian'),(101091007,'磁县','CiXian'),(101091008,'肥乡','FeiXiang'),(101091009,'永年','YongNian'),(101091010,'邱县','QiuXian'),(101091011,'鸡泽','JiZe'),(101091012,'广平','GuangPing'),(101091013,'馆陶','GuanTao'),(101091014,'魏县','WeiXian'),(101091015,'曲周','QuZhou'),(101091016,'武安','WuAn'),(101091101,'秦皇岛','QinHuangDao'),(101091102,'青龙','QingLong'),(101091103,'昌黎','ChangLi'),(101091104,'抚宁','FuNing'),(101091105,'卢龙','LuLong'),(101091106,'北戴河','BeiDaiHe'),(101100101,'太原','TaiYuan'),(101100102,'清徐','QingXu'),(101100103,'阳曲','YangQu'),(101100104,'娄烦','LouFan'),(101100105,'太原古交区','TaiYuanGuJiaoQu'),(101100106,'太原北郊','TaiYuanBeiJiao'),(101100107,'太原南郊','TaiYuanNanJiao'),(101100201,'大同','DaTong'),(101100202,'阳高','YangGao'),(101100203,'大同县','DaTongXian'),(101100204,'天镇','TianZhen'),(101100205,'广灵','GuangLing'),(101100206,'灵邱','LingQiu'),(101100207,'浑源','HunYuan'),(101100208,'左云','ZuoYun'),(101100301,'阳泉','YangQuan'),(101100302,'盂县','YuXian'),(101100303,'平定','PingDing'),(101100401,'晋中','JinZhong'),(101100402,'榆次','YuCi'),(101100403,'榆社','YuShe'),(101100404,'左权','ZuoQuan'),(101100405,'和顺','HeShun'),(101100406,'昔阳','XiYang'),(101100407,'寿阳','ShouYang'),(101100408,'太谷','TaiGu'),(101100409,'祁县','QiXian'),(101100410,'平遥','PingYao'),(101100411,'灵石','LingShi'),(101100412,'介休','JieXiu'),(101100501,'长治','ChangZhi'),(101100502,'黎城','LiCheng'),(101100503,'屯留','TunLiu'),(101100504,'潞城','LuCheng'),(101100505,'襄垣','XiangYuan'),(101100506,'平顺','PingShun'),(101100507,'武乡','WuXiang'),(101100508,'沁县','QinXian'),(101100509,'长子','ChangZi'),(101100510,'沁源','QinYuan'),(101100511,'壶关','HuGuan'),(101100601,'晋城','JinCheng'),(101100602,'沁水','QinShui'),(101100603,'阳城','YangCheng'),(101100604,'陵川','LingChuan'),(101100605,'高平','GaoPing'),(101100701,'临汾','LinFen'),(101100702,'曲沃','QuWo'),(101100703,'永和','YongHe'),(101100704,'隰县','XiXian'),(101100705,'大宁','DaNing'),(101100706,'吉县','JiXian'),(101100707,'襄汾','XiangFen'),(101100708,'蒲县','PuXian'),(101100709,'汾西','FenXi'),(101100710,'洪洞','HongDong'),(101100711,'霍州','HuoZhou'),(101100712,'乡宁','XiangNing'),(101100713,'翼城','YiCheng'),(101100714,'侯马','HouMa'),(101100715,'浮山','FuShan'),(101100716,'安泽','AnZe'),(101100717,'古县','GuXian'),(101100801,'运城','YunCheng'),(101100802,'临猗','LinJi'),(101100803,'稷山','JiShan'),(101100804,'万荣','WanRong'),(101100805,'河津','HeJin'),(101100806,'新绛','XinJiang'),(101100807,'绛县','JiangXian'),(101100808,'闻喜','WenXi'),(101100809,'垣曲','YuanQu'),(101100810,'永济','YongJi'),(101100811,'芮城','RuiCheng'),(101100812,'夏县','XiaXian'),(101100813,'平陆','PingLu'),(101100901,'朔州','ShuoZhou'),(101100902,'平鲁','PingLu'),(101100903,'山阴','ShanYin'),(101100904,'右玉','YouYu'),(101100905,'应县','YingXian'),(101100906,'怀仁','HuaiRen'),(101101001,'忻州','XinZhou'),(101101002,'定襄','DingXiang'),(101101003,'五台县豆村','WuTaiXianDouCun'),(101101004,'河曲','HeQu'),(101101005,'偏关','PianGuan'),(101101006,'神池','ShenChi'),(101101007,'宁武','NingWu'),(101101008,'代县','DaiXian'),(101101009,'繁峙','FanZhi'),(101101010,'五台山','WuTaiShan'),(101101011,'保德','BaoDe'),(101101012,'静乐','JingLe'),(101101013,'岢岚','KeLan'),(101101014,'五寨','WuZhai'),(101101015,'原平','YuanPing'),(101101100,'吕梁','LvLiang'),(101101101,'离石','LiShi'),(101101102,'临县','LinXian'),(101101103,'兴县','XingXian'),(101101104,'岚县','LanXian'),(101101105,'柳林','LiuLin'),(101101106,'石楼','ShiLou'),(101101107,'方山','FangShan'),(101101108,'交口','JiaoKou'),(101101109,'中阳','ZhongYang'),(101101110,'孝义','XiaoYi'),(101101111,'汾阳','FenYang'),(101101112,'文水','WenShui'),(101101113,'交城','JiaoCheng'),(101110101,'西安','XiAn'),(101110102,'长安','ChangAn'),(101110103,'临潼','LinChong'),(101110104,'蓝田','LanTian'),(101110105,'周至','ZhouZhi'),(101110106,'户县','HuXian'),(101110107,'高陵','GaoLing'),(101110108,'杨凌','YangLing'),(101110200,'咸阳','XianYang'),(101110201,'三原','SanYuan'),(101110202,'礼泉','LiQuan'),(101110203,'永寿','YongShou'),(101110204,'淳化','ChunHua'),(101110205,'泾阳','JingYang'),(101110206,'武功','WuGong'),(101110207,'乾县','QianXian'),(101110208,'彬县','BinXian'),(101110209,'长武','ChangWu'),(101110210,'旬邑','XunYi'),(101110211,'兴平','XingPing'),(101110300,'延安','YanAn'),(101110301,'延长','YanChang'),(101110302,'延川','YanChuan'),(101110303,'子长','ZiChang'),(101110304,'宜川','YiChuan'),(101110305,'富县','FuXian'),(101110306,'志丹','ZhiDan'),(101110307,'安塞','AnSai'),(101110308,'甘泉','GanQuan'),(101110309,'洛川','LuoChuan'),(101110310,'黄陵','HuangLing'),(101110311,'黄龙','HuangLong'),(101110312,'吴起','WuQi'),(101110401,'榆林','YuLin'),(101110402,'府谷','FuGu'),(101110403,'神木','ShenMu'),(101110404,'佳县','JiaXian'),(101110405,'定边','DingBian'),(101110406,'靖边','JingBian'),(101110407,'横山','HengShan'),(101110408,'米脂','MiZhi'),(101110409,'子洲','ZiZhou'),(101110410,'绥德','SuiDe'),(101110411,'吴堡','WuBao'),(101110412,'清涧','QingJian'),(101110501,'渭南','WeiNan'),(101110502,'华县','HuaXian'),(101110503,'潼关','ChongGuan'),(101110504,'大荔','DaLi'),(101110505,'白水','BaiShui'),(101110506,'富平','FuPing'),(101110507,'蒲城','PuCheng'),(101110508,'澄城','ChengCheng'),(101110509,'合阳','HeYang'),(101110510,'韩城','HanCheng'),(101110511,'华阴','HuaYin'),(101110512,'华山','HuaShan'),(101110601,'商洛','ShangLuo'),(101110602,'洛南','LuoNan'),(101110603,'柞水','ZuoShui'),(101110605,'镇安','ZhenAn'),(101110606,'丹凤','DanFeng'),(101110607,'商南','ShangNan'),(101110608,'山阳','ShanYang'),(101110701,'安康','AnKang'),(101110702,'紫阳','ZiYang'),(101110703,'石泉','ShiQuan'),(101110704,'汉阴','HanYin'),(101110705,'旬阳','XunYang'),(101110706,'岚皋','LanGao'),(101110707,'平利','PingLi'),(101110708,'白河','BaiHe'),(101110709,'镇坪','ZhenPing'),(101110710,'宁陕','NingShan'),(101110801,'汉中','HanZhong'),(101110802,'略阳','LueYang'),(101110803,'勉县','MianXian'),(101110804,'留坝','LiuBa'),(101110805,'洋县','YangXian'),(101110806,'城固','ChengGu'),(101110807,'西乡','XiXiang'),(101110808,'佛坪','FoPing'),(101110809,'宁强','NingQiang'),(101110810,'南郑','NanZheng'),(101110811,'镇巴','ZhenBa'),(101110901,'宝鸡','BaoJi'),(101110902,'宝鸡县','BaoJiXian'),(101110903,'千阳','QianYang'),(101110904,'麟游','LinYou'),(101110905,'岐山','QiShan'),(101110906,'凤翔','FengXiang'),(101110907,'扶风','FuFeng'),(101110908,'眉县','MeiXian'),(101110909,'太白','TaiBai'),(101110910,'凤县','FengXian'),(101110911,'陇县','LongXian'),(101111001,'铜川','TongChuan'),(101111002,'耀县','YaoXian'),(101111003,'宜君','YiJun'),(101120101,'济南','JiNan'),(101120102,'长清','ChangQing'),(101120103,'商河','ShangHe'),(101120104,'章丘','ZhangQiu'),(101120105,'平阴','PingYin'),(101120106,'济阳','JiYang'),(101120201,'青岛','QingDao'),(101120202,'崂山','LaoShan'),(101120203,'潮连岛','ChaoLianDao'),(101120204,'即墨','JiMo'),(101120205,'胶州','JiaoZhou'),(101120206,'胶南','JiaoNan'),(101120207,'莱西','LaiXi'),(101120208,'平度','PingDu'),(101120301,'淄博','ZiBo'),(101120302,'淄川','ZiChuan'),(101120303,'博山','BoShan'),(101120304,'高青','GaoQing'),(101120305,'周村','ZhouCun'),(101120306,'沂源','YiYuan'),(101120307,'桓台','HuanTai'),(101120308,'临淄','LinZi'),(101120401,'德州','DeZhou'),(101120402,'武城','WuCheng'),(101120403,'临邑','LinYi'),(101120404,'陵县','LingXian'),(101120405,'齐河','QiHe'),(101120406,'乐陵','LeLing'),(101120407,'庆云','QingYun'),(101120408,'平原','PingYuan'),(101120409,'宁津','NingJin'),(101120410,'夏津','XiaJin'),(101120411,'禹城','YuCheng'),(101120501,'烟台','YanTai'),(101120502,'莱州','LaiZhou'),(101120503,'长岛','ChangDao'),(101120504,'蓬莱','PengLai'),(101120505,'龙口','LongKou'),(101120506,'招远','ZhaoYuan'),(101120507,'栖霞','QiXia'),(101120508,'福山','FuShan'),(101120509,'牟平','MouPing'),(101120510,'莱阳','LaiYang'),(101120511,'海阳','HaiYang'),(101120512,'千里岩','QianLiYan'),(101120601,'潍坊','WeiFang'),(101120602,'青州','QingZhou'),(101120603,'寿光','ShouGuang'),(101120604,'临朐','LinChun'),(101120605,'昌乐','ChangLe'),(101120606,'昌邑','ChangYi'),(101120607,'安丘','AnQiu'),(101120608,'高密','GaoMi'),(101120609,'诸城','ZhuCheng'),(101120701,'济宁','JiNing'),(101120702,'嘉祥','JiaXiang'),(101120703,'微山','WeiShan'),(101120704,'鱼台','YuTai'),(101120705,'兖州','YanZhou'),(101120706,'金乡','JinXiang'),(101120707,'汶上','MenShang'),(101120708,'泗水','SiShui'),(101120709,'梁山','LiangShan'),(101120710,'曲阜','QuFu'),(101120711,'邹城','ZouCheng'),(101120801,'泰安','TaiAn'),(101120802,'新泰','XinTai'),(101120803,'泰山','TaiShan'),(101120804,'肥城','FeiCheng'),(101120805,'东平','DongPing'),(101120806,'宁阳','NingYang'),(101120901,'临沂','LinYi'),(101120902,'莒南','JuNan'),(101120903,'沂南','YiNan'),(101120904,'苍山','CangShan'),(101120905,'临沭','LinShu'),(101120906,'郯城','TanCheng'),(101120907,'蒙阴','MengYin'),(101120908,'平邑','PingYi'),(101120909,'费县','FeiXian'),(101120910,'沂水','YiShui'),(101120911,'马站','MaZhan'),(101121001,'菏泽','HeZe'),(101121002,'鄄城','JuanCheng'),(101121003,'郓城','YunCheng'),(101121004,'东明','DongMing'),(101121005,'定陶','DingTao'),(101121006,'巨野','JuYe'),(101121007,'曹县','CaoXian'),(101121008,'成武','ChengWu'),(101121009,'单县','DanXian'),(101121101,'滨州','BinZhou'),(101121102,'博兴','BoXing'),(101121103,'无棣','WuDai'),(101121104,'阳信','YangXin'),(101121105,'惠民','HuiMin'),(101121106,'沾化','ZhanHua'),(101121107,'邹平','ZouPing'),(101121201,'东营','DongYing'),(101121202,'河口','HeKou'),(101121203,'垦利','KenLi'),(101121204,'利津','LiJin'),(101121205,'广饶','GuangRao'),(101121301,'威海','WeiHai'),(101121302,'文登','WenDeng'),(101121303,'荣成','RongCheng'),(101121304,'乳山','RuShan'),(101121305,'成山头','ChengShanTou'),(101121306,'石岛','ShiDao'),(101121401,'枣庄','ZaoZhuang'),(101121402,'薛城','XueCheng'),(101121403,'峄城','YiCheng'),(101121404,'台儿庄','TaiErZhuang'),(101121405,'滕州','TengZhou'),(101121501,'日照','RiZhao'),(101121502,'五莲','WuLian'),(101121503,'莒县','JuXian'),(101121601,'莱芜','LaiWu'),(101121701,'聊城','LiaoCheng'),(101121702,'冠县','GuanXian'),(101121703,'阳谷','YangGu'),(101121704,'高唐','GaoTang'),(101121705,'茌平','ChiPing'),(101121706,'东阿','DongA'),(101121707,'临清','LinQing'),(101121708,'朝城','ChaoCheng'),(101121709,'莘县','ShenXian'),(101130101,'乌鲁木齐','WuLuMuQi'),(101130102,'蔡家湖','CaiJiaHu'),(101130103,'小渠子','XiaoQuZi'),(101130104,'巴仑台','BaLunTai'),(101130105,'达坂城','DaBanCheng'),(101130106,'十三间房气象站','ShiSanJianFangQiXian'),(101130107,'天山大西沟','TianShanDaXiGou'),(101130108,'乌鲁木齐牧试站','WuLuMuQiMuShiZhan'),(101130109,'天池','TianChi'),(101130110,'白杨沟','BaiYangGou'),(101130201,'克拉玛依','KeLaMaYi'),(101130301,'石河子','ShiHeZi'),(101130302,'炮台','PaoTai'),(101130303,'莫索湾','MoSuoWan'),(101130304,'乌兰乌苏','WuLanWuSu'),(101130401,'昌吉','ChangJi'),(101130402,'呼图壁','HuTuBi'),(101130403,'米泉','MiQuan'),(101130404,'阜康','FuKang'),(101130405,'吉木萨尔','JiMuSaEr'),(101130406,'奇台','QiTai'),(101130407,'玛纳斯','MaNaSi'),(101130408,'木垒','MuLei'),(101130409,'北塔山','BeiTaShan'),(101130501,'吐鲁番','TuLuFan'),(101130502,'托克逊','TuoKeXun'),(101130503,'吐鲁番东坎','TuLuFanDongKan'),(101130504,'鄯善','ShanShan'),(101130505,'红柳河','HongLiuHe'),(101130601,'库尔勒','KuErLe'),(101130602,'轮台','LunTai'),(101130603,'尉犁','WeiLi'),(101130604,'若羌','RuoQiang'),(101130605,'且末','QieMo'),(101130606,'和静','HeJing'),(101130607,'焉耆','YanQi'),(101130608,'和硕','HeShuo'),(101130609,'库米什','KuMiShi'),(101130610,'巴音布鲁克','BaYinBuLuKe'),(101130611,'铁干里克','TieGanLiKe'),(101130612,'博湖','BoHu'),(101130613,'塔中','TaZhong'),(101130701,'阿拉尔','ALaEr'),(101130801,'阿克苏','AKeSu'),(101130802,'乌什','WuShi'),(101130803,'温宿','WenSu'),(101130804,'拜城','BaiCheng'),(101130805,'新和','XinHe'),(101130806,'沙雅','ShaYa'),(101130807,'库车','KuChe'),(101130808,'柯坪','KePing'),(101130809,'阿瓦提','AWaTi'),(101130901,'喀什','KaShi'),(101130902,'英吉沙','YingJiSha'),(101130903,'塔什库尔干','TaShiKuErGan'),(101130904,'麦盖提','MaiGaiTi'),(101130905,'莎车','ShaChe'),(101130906,'叶城','YeCheng'),(101130907,'泽普','ZePu'),(101130908,'巴楚','BaChu'),(101130909,'岳普湖','YuePuHu'),(101130910,'伽师','GaShi'),(101131001,'伊宁','YiNing'),(101131002,'察布查尔','ChaBuChaEr'),(101131003,'尼勒克','NiLeKe'),(101131004,'伊宁县','YiNingXian'),(101131005,'巩留','GongLiu'),(101131006,'新源','XinYuan'),(101131007,'昭苏','ZhaoSu'),(101131008,'特克斯','TeKeSi'),(101131009,'霍城','HuoCheng'),(101131010,'霍尔果斯','HuoErGuoSi'),(101131101,'塔城','TaCheng'),(101131102,'裕民','YuMin'),(101131103,'额敏','EMin'),(101131104,'和布克赛尔','HeBuKeSaiEr'),(101131105,'托里','TuoLi'),(101131106,'乌苏','WuSu'),(101131107,'沙湾','ShaWan'),(101131108,'和丰','HeFeng'),(101131201,'哈密','HaMi'),(101131202,'沁城','QinCheng'),(101131203,'巴里坤','BaLiKun'),(101131204,'伊吾','YiWu'),(101131205,'淖毛湖','NaoMaoHu'),(101131301,'和田','HeTian'),(101131302,'皮山','PiShan'),(101131303,'策勒','CeLe'),(101131304,'墨玉','MoYu'),(101131305,'洛浦','LuoPu'),(101131306,'民丰','MinFeng'),(101131307,'于田','YuTian'),(101131401,'阿勒泰','ALeTai'),(101131402,'哈巴河','HaBaHe'),(101131403,'一八五团','YiBaWuTuan'),(101131404,'黑山头','HeiShanTou'),(101131405,'吉木乃','JiMuNai'),(101131406,'布尔津','BuErJin'),(101131407,'福海','FuHai'),(101131408,'富蕴','FuYun'),(101131409,'青河','QingHe'),(101131410,'安德河','AnDeHe'),(101131501,'阿图什','ATuShi'),(101131502,'乌恰','WuQia'),(101131503,'阿克陶','AKeTao'),(101131504,'阿合奇','AHeQi'),(101131505,'吐尔尕特','TuErGaTe'),(101131601,'博乐','BoLe'),(101131602,'温泉','WenQuan'),(101131603,'精河','JingHe'),(101131606,'阿拉山口','ALaShanKou'),(101140101,'拉萨','LaSa'),(101140102,'当雄','DangXiong'),(101140103,'尼木','NiMu'),(101140104,'墨竹贡卡','MoZhuGongKa'),(101140201,'日喀则','RiKaZe'),(101140202,'拉孜','LaZi'),(101140203,'南木林','NanMuLin'),(101140204,'聂拉木','NieLaMu'),(101140205,'定日','DingRi'),(101140206,'江孜','JiangZi'),(101140207,'帕里','PaLi'),(101140301,'山南','ShanNan'),(101140302,'贡嘎','GongGa'),(101140303,'琼结','QiongJie'),(101140304,'加查','JiaCha'),(101140305,'浪卡子','LangKaZi'),(101140306,'错那','CuoNa'),(101140307,'隆子','LongZi'),(101140308,'泽当','ZeDang'),(101140401,'林芝','LinZhi'),(101140402,'波密','BoMi'),(101140403,'米林','MiLin'),(101140404,'察隅','ChaYu'),(101140501,'昌都','ChangDu'),(101140502,'丁青','DingQing'),(101140503,'类乌齐','LeiWuQi'),(101140504,'洛隆','LuoLong'),(101140505,'左贡','ZuoGong'),(101140506,'芒康','MangKang'),(101140507,'八宿','BaSu'),(101140601,'那曲','NaQu'),(101140603,'嘉黎','JiaLi'),(101140604,'班戈','BanGe'),(101140605,'安多','AnDuo'),(101140606,'索县','SuoXian'),(101140607,'比如','BiRu'),(101140701,'阿里','ALi'),(101140702,'改则','GaiZe'),(101140703,'申扎','ShenZha'),(101140704,'狮泉河','ShiQuanHe'),(101140705,'普兰','PuLan'),(101150101,'西宁','XiNing'),(101150102,'大通','DaTong'),(101150103,'湟源','HuangYuan'),(101150104,'湟中','HuangZhong'),(101150105,'铁卜加','TieBoJia'),(101150106,'铁卜加寺','TieBoJiaSi'),(101150107,'中心站','ZhongXinZhan'),(101150201,'海东','HaiDong'),(101150202,'乐都','LeDu'),(101150203,'民和','MinHe'),(101150204,'互助','HuZhu'),(101150205,'化隆','HuaLong'),(101150206,'循化','XunHua'),(101150207,'冷湖','LengHu'),(101150208,'平安','PingAn'),(101150301,'黄南','HuangNan'),(101150302,'尖扎','JianZha'),(101150303,'泽库','ZeKu'),(101150304,'河南','HeNan'),(101150401,'海南','HaiNan'),(101150402,'江西沟','JiangXiGou'),(101150404,'贵德','GuiDe'),(101150405,'河卡','HeKa'),(101150406,'兴海','XingHai'),(101150407,'贵南','GuiNan'),(101150408,'同德','TongDe'),(101150409,'共和','GongHe'),(101150501,'果洛','GuoLuo'),(101150502,'班玛','BanMa'),(101150503,'甘德','GanDe'),(101150504,'达日','DaRi'),(101150505,'久治','JiuZhi'),(101150506,'玛多','MaDuo'),(101150507,'清水河','QingShuiHe'),(101150508,'玛沁','MaQin'),(101150601,'玉树','YuShu'),(101150602,'托托河','TuoTuoHe'),(101150603,'治多','ZhiDuo'),(101150604,'杂多','ZaDuo'),(101150605,'囊谦','NangQian'),(101150606,'曲麻莱','QuMaLai'),(101150701,'海西','HaiXi'),(101150702,'格尔木','GeErMu'),(101150703,'察尔汉','ChaErHan'),(101150704,'野牛沟','YeNiuGou'),(101150705,'五道梁','WuDaoLiang'),(101150706,'小灶火','XiaoZaoHuo'),(101150708,'天峻','TianJun'),(101150709,'乌兰','WuLan'),(101150710,'都兰','DuLan'),(101150711,'诺木洪','NuoMuHong'),(101150712,'茫崖','MangYa'),(101150713,'大柴旦','DaChaiDan'),(101150714,'茶卡','ChaKa'),(101150715,'香日德','XiangRiDe'),(101150716,'德令哈','DeLingHa'),(101150801,'海北','HaiBei'),(101150802,'门源','MenYuan'),(101150803,'祁连','QiLian'),(101150804,'海晏','HaiYan'),(101150805,'托勒','TuoLe'),(101150806,'刚察','GangCha'),(101160101,'兰州','LanZhou'),(101160102,'皋兰','GaoLan'),(101160103,'永登','YongDeng'),(101160104,'榆中','YuZhong'),(101160201,'定西','DingXi'),(101160202,'通渭','TongWei'),(101160203,'陇西','LongXi'),(101160204,'渭源','WeiYuan'),(101160205,'临洮','LinDao'),(101160206,'漳县','ZhangXian'),(101160207,'岷县','MinXian'),(101160208,'安定','AnDing'),(101160301,'平凉','PingLiang'),(101160302,'泾川','JingChuan'),(101160303,'灵台','LingTai'),(101160304,'崇信','ChongXin'),(101160305,'华亭','HuaTing'),(101160306,'庄浪','ZhuangLang'),(101160307,'静宁','JingNing'),(101160308,'崆峒','KongDong'),(101160401,'庆阳','QingYang'),(101160402,'西峰','XiFeng'),(101160403,'环县','HuanXian'),(101160404,'华池','HuaChi'),(101160405,'合水','HeShui'),(101160406,'正宁','ZhengNing'),(101160407,'宁县','NingXian'),(101160408,'镇原','ZhenYuan'),(101160409,'庆城','QingCheng'),(101160501,'武威','WuWei'),(101160502,'民勤','MinQin'),(101160503,'古浪','GuLang'),(101160504,'乌鞘岭','WuQiaoLing'),(101160505,'天祝','TianZhu'),(101160601,'金昌','JinChang'),(101160602,'永昌','YongChang'),(101160701,'张掖','ZhangYe'),(101160702,'肃南','SuNan'),(101160703,'民乐','MinLe'),(101160704,'临泽','LinZe'),(101160705,'高台','GaoTai'),(101160706,'山丹','ShanDan'),(101160801,'酒泉','JiuQuan'),(101160802,'鼎新','DingXin'),(101160803,'金塔','JinTa'),(101160804,'马鬃山','MaZongShan'),(101160805,'瓜州','GuaZhou'),(101160806,'肃北','SuBei'),(101160807,'玉门镇','YuMenZhen'),(101160808,'敦煌','DunHuang'),(101160901,'天水','TianShui'),(101160902,'北道区','BeiDaoQu'),(101160903,'清水','QingShui'),(101160904,'秦安','QinAn'),(101160905,'甘谷','GanGu'),(101160906,'武山','WuShan'),(101160907,'张家川','ZhangJiaChuan'),(101160908,'麦积','MaiJi'),(101161001,'武都','WuDu'),(101161002,'成县','ChengXian'),(101161003,'文县','WenXian'),(101161004,'宕昌','DangChang'),(101161005,'康县','KangXian'),(101161006,'西和','XiHe'),(101161007,'礼县','LiXian'),(101161008,'徽县','HuiXian'),(101161009,'两当','LiangDang'),(101161101,'临夏','LinXia'),(101161102,'康乐','KangLe'),(101161103,'永靖','YongJing'),(101161104,'广河','GuangHe'),(101161105,'和政','HeZheng'),(101161106,'东乡','DongXiang'),(101161201,'合作','HeZuo'),(101161202,'临潭','LinTan'),(101161203,'卓尼','ZhuoNi'),(101161204,'舟曲','ZhouQu'),(101161205,'迭部','DieBu'),(101161206,'玛曲','MaQu'),(101161207,'碌曲','LuQu'),(101161208,'夏河','XiaHe'),(101161301,'白银','BaiYin'),(101161302,'靖远','JingYuan'),(101161303,'会宁','HuiNing'),(101161304,'华家岭','HuaJiaLing'),(101161305,'景泰','JingTai'),(101170101,'银川','YinChuan'),(101170102,'永宁','YongNing'),(101170103,'灵武','LingWu'),(101170104,'贺兰','HeLan'),(101170201,'石嘴山','ShiZuiShan'),(101170202,'惠农','HuiNong'),(101170203,'平罗','PingLuo'),(101170204,'陶乐','TaoLe'),(101170205,'石炭井','ShiTanJing'),(101170206,'大武口','DaWuKou'),(101170301,'吴忠','WuZhong'),(101170302,'同心','TongXin'),(101170303,'盐池','YanChi'),(101170304,'韦州','WeiZhou'),(101170305,'麻黄山','MaHuangShan'),(101170306,'青铜峡','QingTongXia'),(101170401,'固原','GuYuan'),(101170402,'西吉','XiJi'),(101170403,'隆德','LongDe'),(101170404,'泾源','JingYuan'),(101170405,'六盘山','LiuPanShan'),(101170406,'彭阳','PengYang'),(101170501,'中卫','ZhongWei'),(101170502,'中宁','ZhongNing'),(101170503,'兴仁堡','XingRenBao'),(101170504,'海原','HaiYuan'),(101180101,'郑州','ZhengZhou'),(101180102,'巩义','GongYi'),(101180103,'荥阳','XingYang'),(101180104,'登封','DengFeng'),(101180105,'新密','XinMi'),(101180106,'新郑','XinZheng'),(101180107,'中牟','ZhongMou'),(101180108,'郑州农试站','ZhengZhouNongShiZhan'),(101180201,'安阳','AnYang'),(101180202,'汤阴','TangYin'),(101180203,'滑县','HuaXian'),(101180204,'内黄','NeiHuang'),(101180205,'林州','LinZhou'),(101180301,'新乡','XinXiang'),(101180302,'获嘉','HuoJia'),(101180303,'原阳','YuanYang'),(101180304,'辉县','HuiXian'),(101180305,'卫辉','WeiHui'),(101180306,'延津','YanJin'),(101180307,'封丘','FengQiu'),(101180308,'长垣','ChangYuan'),(101180401,'许昌','XuChang'),(101180402,'鄢陵','YanLing'),(101180403,'襄城','XiangCheng'),(101180404,'长葛','ChangGe'),(101180405,'禹州','YuZhou'),(101180501,'平顶山','PingDingShan'),(101180502,'郏县','JiaXian'),(101180503,'宝丰','BaoFeng'),(101180504,'汝州','RuZhou'),(101180505,'叶县','YeXian'),(101180506,'舞钢','WuGang'),(101180507,'鲁山','LuShan'),(101180601,'信阳','XinYang'),(101180602,'息县','XiXian'),(101180603,'罗山','LuoShan'),(101180604,'光山','GuangShan'),(101180605,'新县','XinXian'),(101180606,'淮滨','HuaiBin'),(101180607,'潢川','GuangChuan'),(101180608,'固始','GuShi'),(101180609,'商城','ShangCheng'),(101180610,'鸡公山','JiGongShan'),(101180611,'信阳地区农试站','XinYangDiQuNongShiZh'),(101180701,'南阳','NanYang'),(101180702,'南召','NanZhao'),(101180703,'方城','FangCheng'),(101180704,'社旗','SheQi'),(101180705,'西峡','XiXia'),(101180706,'内乡','NeiXiang'),(101180707,'镇平','ZhenPing'),(101180708,'淅川','XiChuan'),(101180709,'新野','XinYe'),(101180710,'唐河','TangHe'),(101180711,'邓州','DengZhou'),(101180712,'桐柏','TongBai'),(101180801,'开封','KaiFeng'),(101180802,'杞县','QiXian'),(101180803,'尉氏','WeiShi'),(101180804,'通许','TongXu'),(101180805,'兰考','LanKao'),(101180901,'洛阳','LuoYang'),(101180902,'新安','XinAn'),(101180903,'孟津','MengJin'),(101180904,'宜阳','YiYang'),(101180905,'洛宁','LuoNing'),(101180906,'伊川','YiChuan'),(101180907,'嵩县','SongXian'),(101180908,'偃师','YanShi'),(101180909,'栾川','LuanChuan'),(101180910,'汝阳','RuYang'),(101181001,'商丘','ShangQiu'),(101181002,'睢阳区','HuiYangQu'),(101181003,'睢县','HuiXian'),(101181004,'民权','MinQuan'),(101181005,'虞城','YuCheng'),(101181006,'柘城','ZheCheng'),(101181007,'宁陵','NingLing'),(101181008,'夏邑','XiaYi'),(101181009,'永城','YongCheng'),(101181101,'焦作','JiaoZuo'),(101181102,'修武','XiuWu'),(101181103,'武陟','WuDe'),(101181104,'沁阳','QinYang'),(101181106,'博爱','BoAi'),(101181107,'温县','WenXian'),(101181108,'孟州','MengZhou'),(101181201,'鹤壁','HeBi'),(101181202,'浚县','JunXian'),(101181203,'淇县','QiXian'),(101181301,'濮阳','PuYang'),(101181302,'台前','TaiQian'),(101181303,'南乐','NanLe'),(101181304,'清丰','QingFeng'),(101181305,'范县','FanXian'),(101181401,'周口','ZhouKou'),(101181402,'扶沟','FuGou'),(101181403,'太康','TaiKang'),(101181404,'淮阳','HuaiYang'),(101181405,'西华','XiHua'),(101181406,'商水','ShangShui'),(101181407,'项城','XiangCheng'),(101181408,'郸城','DanCheng'),(101181409,'鹿邑','LuYi'),(101181410,'沈丘','ShenQiu'),(101181411,'黄泛区','HuangFanQu'),(101181501,'漯河','LeiHe'),(101181502,'临颍','LinYing'),(101181503,'舞阳','WuYang'),(101181601,'驻马店','ZhuMaDian'),(101181602,'西平','XiPing'),(101181603,'遂平','SuiPing'),(101181604,'上蔡','ShangCai'),(101181605,'汝南','RuNan'),(101181606,'泌阳','MiYang'),(101181607,'平舆','PingYu'),(101181608,'新蔡','XinCai'),(101181609,'确山','QueShan'),(101181610,'正阳','ZhengYang'),(101181701,'三门峡','SanMenXia'),(101181702,'灵宝','LingBao'),(101181703,'渑池','MianChi'),(101181704,'卢氏','LuShi'),(101181801,'济源','JiYuan'),(101190101,'南京','NanJing'),(101190102,'溧水','LiShui'),(101190103,'高淳','GaoChun'),(101190104,'江宁','JiangNing'),(101190105,'六合','LiuHe'),(101190106,'江浦','JiangPu'),(101190107,'浦口','PuKou'),(101190201,'无锡','WuXi'),(101190202,'江阴','JiangYin'),(101190203,'宜兴','YiXing'),(101190301,'镇江','ZhenJiang'),(101190302,'丹阳','DanYang'),(101190303,'扬中','YangZhong'),(101190304,'句容','JuRong'),(101190305,'丹徒','DanTu'),(101190401,'苏州','SuZhou'),(101190402,'常熟','ChangShu'),(101190403,'张家港','ZhangJiaGang'),(101190404,'昆山','KunShan'),(101190405,'吴县东山','WuXianDongShan'),(101190406,'吴县','WuXian'),(101190407,'吴江','WuJiang'),(101190408,'太仓','TaiCang'),(101190501,'南通','NanTong'),(101190502,'海安','HaiAn'),(101190503,'如皋','RuGao'),(101190504,'如东','RuDong'),(101190505,'吕泗','LvSi'),(101190506,'吕泗渔场','LvSiYuChang'),(101190507,'启东','QiDong'),(101190508,'海门','HaiMen'),(101190509,'通州','TongZhou'),(101190601,'扬州','YangZhou'),(101190602,'宝应','BaoYing'),(101190603,'仪征','YiZheng'),(101190604,'高邮','GaoYou'),(101190605,'江都','JiangDu'),(101190606,'邗江','HanJiang'),(101190701,'盐城','YanCheng'),(101190702,'响水','XiangShui'),(101190703,'滨海','BinHai'),(101190704,'阜宁','FuNing'),(101190705,'射阳','SheYang'),(101190706,'建湖','JianHu'),(101190707,'东台','DongTai'),(101190708,'大丰','DaFeng'),(101190709,'盐都','YanDu'),(101190801,'徐州','XuZhou'),(101190802,'徐州农试站','XuZhouNongShiZhan'),(101190803,'丰县','FengXian'),(101190804,'沛县','PeiXian'),(101190805,'邳州','PiZhou'),(101190806,'睢宁','HuiNing'),(101190807,'新沂','XinYi'),(101190901,'淮安','HuaiAn'),(101190902,'金湖','JinHu'),(101190903,'盱眙','XuChi'),(101190904,'洪泽','HongZe'),(101190905,'涟水','LianShui'),(101190906,'淮阴县','HuaiYinXian'),(101190907,'淮阴','HuaiYin'),(101190908,'楚州','ChuZhou'),(101191001,'连云港','LianYunGang'),(101191002,'东海','DongHai'),(101191003,'赣榆','GanYu'),(101191004,'灌云','GuanYun'),(101191005,'灌南','GuanNan'),(101191006,'西连岛','XiLianDao'),(101191007,'燕尾港','YanWeiGang'),(101191101,'常州','ChangZhou'),(101191102,'溧阳','LiYang'),(101191103,'金坛','JinTan'),(101191201,'泰州','TaiZhou'),(101191202,'兴化','XingHua'),(101191203,'泰兴','TaiXing'),(101191204,'姜堰','JiangYan'),(101191205,'靖江','JingJiang'),(101191301,'宿迁','SuQian'),(101191302,'沭阳','ShuYang'),(101191303,'泗阳','SiYang'),(101191304,'泗洪','SiHong'),(101200101,'武汉','WuHan'),(101200102,'蔡甸','CaiDian'),(101200103,'黄陂','HuangBei'),(101200104,'新洲','XinZhou'),(101200105,'江夏','JiangXia'),(101200201,'襄樊','XiangFan'),(101200202,'襄阳','XiangYang'),(101200203,'保康','BaoKang'),(101200204,'南漳','NanZhang'),(101200205,'宜城','YiCheng'),(101200206,'老河口','LaoHeKou'),(101200207,'谷城','GuCheng'),(101200208,'枣阳','ZaoYang'),(101200301,'鄂州','EZhou'),(101200401,'孝感','XiaoGan'),(101200402,'安陆','AnLu'),(101200403,'云梦','YunMeng'),(101200404,'大悟','DaWu'),(101200405,'应城','YingCheng'),(101200406,'汉川','HanChuan'),(101200501,'黄冈','HuangGang'),(101200502,'红安','HongAn'),(101200503,'麻城','MaCheng'),(101200504,'罗田','LuoTian'),(101200505,'英山','YingShan'),(101200506,'浠水','XiShui'),(101200507,'蕲春','JiChun'),(101200508,'黄梅','HuangMei'),(101200509,'武穴','WuXue'),(101200601,'黄石','HuangShi'),(101200602,'大冶','DaYe'),(101200603,'阳新','YangXin'),(101200701,'咸宁','XianNing'),(101200702,'赤壁','ChiBi'),(101200703,'嘉鱼','JiaYu'),(101200704,'崇阳','ChongYang'),(101200705,'通城','TongCheng'),(101200706,'通山','TongShan'),(101200801,'荆州','JingZhou'),(101200802,'江陵','JiangLing'),(101200803,'公安','GongAn'),(101200804,'石首','ShiShou'),(101200805,'监利','JianLi'),(101200806,'洪湖','HongHu'),(101200807,'松滋','SongZi'),(101200901,'宜昌','YiChang'),(101200902,'远安','YuanAn'),(101200903,'秭归','ZiGui'),(101200904,'兴山','XingShan'),(101200905,'宜昌县','YiChangXian'),(101200906,'五峰','WuFeng'),(101200907,'当阳','DangYang'),(101200908,'长阳','ChangYang'),(101200909,'宜都','YiDu'),(101200910,'枝江','ZhiJiang'),(101200911,'三峡','SanXia'),(101200912,'夷陵','YiLing'),(101201001,'恩施','EnShi'),(101201002,'利川','LiChuan'),(101201003,'建始','JianShi'),(101201004,'咸丰','XianFeng'),(101201005,'宣恩','XuanEn'),(101201006,'鹤峰','HeFeng'),(101201007,'来凤','LaiFeng'),(101201008,'巴东','BaDong'),(101201009,'绿葱坡','LvCongPo'),(101201101,'十堰','ShiYan'),(101201102,'竹溪','ZhuXi'),(101201103,'郧西','YunXi'),(101201104,'郧县','YunXian'),(101201105,'竹山','ZhuShan'),(101201106,'房县','FangXian'),(101201107,'丹江口','DanJiangKou'),(101201201,'神农架','ShenNongJia'),(101201301,'随州','SuiZhou'),(101201302,'广水','GuangShui'),(101201401,'荆门','JingMen'),(101201402,'钟祥','ZhongXiang'),(101201403,'京山','JingShan'),(101201501,'天门','TianMen'),(101201601,'仙桃','XianTao'),(101201701,'潜江','QianJiang'),(101210101,'杭州','HangZhou'),(101210102,'萧山','XiaoShan'),(101210103,'桐庐','TongLu'),(101210104,'淳安','ChunAn'),(101210105,'建德','JianDe'),(101210106,'余杭','YuHang'),(101210107,'临安','LinAn'),(101210108,'富阳','FuYang'),(101210201,'湖州','HuZhou'),(101210202,'长兴','ChangXing'),(101210203,'安吉','AnJi'),(101210204,'德清','DeQing'),(101210301,'嘉兴','JiaXing'),(101210302,'嘉善','JiaShan'),(101210303,'海宁','HaiNing'),(101210304,'桐乡','TongXiang'),(101210305,'平湖','PingHu'),(101210306,'海盐','HaiYan'),(101210401,'宁波','NingBo'),(101210403,'慈溪','CiXi'),(101210404,'余姚','YuYao'),(101210405,'奉化','FengHua'),(101210406,'象山','XiangShan'),(101210407,'石浦','ShiPu'),(101210408,'宁海','NingHai'),(101210409,'鄞县','YinXian'),(101210410,'北仑','BeiLun'),(101210411,'鄞州','YinZhou'),(101210412,'镇海','ZhenHai'),(101210501,'绍兴','ShaoXing'),(101210502,'诸暨','ZhuJi'),(101210503,'上虞','ShangYu'),(101210504,'新昌','XinChang'),(101210505,'嵊州','ChengZhou'),(101210601,'台州','TaiZhou'),(101210602,'括苍山','KuoCangShan'),(101210603,'玉环','YuHuan'),(101210604,'三门','SanMen'),(101210605,'天台','TianTai'),(101210606,'仙居','XianJu'),(101210607,'温岭','WenLing'),(101210608,'大陈','DaChen'),(101210609,'洪家','HongJia'),(101210701,'温州','WenZhou'),(101210702,'泰顺','TaiShun'),(101210703,'文成','WenCheng'),(101210704,'平阳','PingYang'),(101210705,'瑞安','RuiAn'),(101210706,'洞头','DongTou'),(101210707,'乐清','LeQing'),(101210708,'永嘉','YongJia'),(101210709,'苍南','CangNan'),(101210801,'丽水','LiShui'),(101210802,'遂昌','SuiChang'),(101210803,'龙泉','LongQuan'),(101210804,'缙云','JinYun'),(101210805,'青田','QingTian'),(101210806,'云和','YunHe'),(101210807,'庆元','QingYuan'),(101210901,'金华','JinHua'),(101210902,'浦江','PuJiang'),(101210903,'兰溪','LanXi'),(101210904,'义乌','YiWu'),(101210905,'东阳','DongYang'),(101210906,'武义','WuYi'),(101210907,'永康','YongKang'),(101210908,'磐安','PanAn'),(101211001,'衢州','QuZhou'),(101211002,'常山','ChangShan'),(101211003,'开化','KaiHua'),(101211004,'龙游','LongYou'),(101211005,'江山','JiangShan'),(101211101,'舟山','ZhouShan'),(101211102,'嵊泗','ChengSi'),(101211103,'嵊山','ChengShan'),(101211104,'岱山','DaiShan'),(101211105,'普陀','PuTuo'),(101211106,'定海','DingHai'),(101220101,'合肥','HeFei'),(101220102,'长丰','ChangFeng'),(101220103,'肥东','FeiDong'),(101220104,'肥西','FeiXi'),(101220201,'蚌埠','BangBu'),(101220202,'怀远','HuaiYuan'),(101220203,'固镇','GuZhen'),(101220204,'五河','WuHe'),(101220301,'芜湖','WuHu'),(101220302,'繁昌','FanChang'),(101220303,'芜湖县','WuHuXian'),(101220304,'南陵','NanLing'),(101220401,'淮南','HuaiNan'),(101220402,'凤台','FengTai'),(101220501,'马鞍山','MaAnShan'),(101220502,'当涂','DangTu'),(101220601,'安庆','AnQing'),(101220602,'枞阳','CongYang'),(101220603,'太湖','TaiHu'),(101220604,'潜山','QianShan'),(101220605,'怀宁','HuaiNing'),(101220606,'宿松','SuSong'),(101220607,'望江','WangJiang'),(101220608,'岳西','YueXi'),(101220609,'桐城','TongCheng'),(101220701,'宿州','SuZhou'),(101220702,'砀山','DangShan'),(101220703,'灵璧','LingBi'),(101220704,'泗县','SiXian'),(101220705,'萧县','XiaoXian'),(101220801,'阜阳','FuYang'),(101220802,'阜南','FuNan'),(101220803,'颍上','YingShang'),(101220804,'临泉','LinQuan'),(101220805,'界首','JieShou'),(101220806,'太和','TaiHe'),(101220901,'亳州','BoZhou'),(101220902,'涡阳','WoYang'),(101220903,'利辛','LiXin'),(101220904,'蒙城','MengCheng'),(101221001,'黄山站','HuangShanZhan'),(101221002,'黄山区','HuangShanQu'),(101221003,'屯溪','TunXi'),(101221004,'祁门','QiMen'),(101221005,'黟县','YiXian'),(101221006,'歙县','SheXian'),(101221007,'休宁','XiuNing'),(101221008,'黄山市','HuangShanShi'),(101221101,'滁州','ChuZhou'),(101221102,'凤阳','FengYang'),(101221103,'明光','MingGuang'),(101221104,'定远','DingYuan'),(101221105,'全椒','QuanJiao'),(101221106,'来安','LaiAn'),(101221107,'天长','TianChang'),(101221201,'淮北','HuaiBei'),(101221202,'濉溪','SuiXi'),(101221301,'铜陵','TongLing'),(101221401,'宣城','XuanCheng'),(101221402,'泾县','JingXian'),(101221403,'旌德','JingDe'),(101221404,'宁国','NingGuo'),(101221405,'绩溪','JiXi'),(101221406,'广德','GuangDe'),(101221407,'郎溪','LangXi'),(101221501,'六安','LiuAn'),(101221502,'霍邱','HuoQiu'),(101221503,'寿县','ShouXian'),(101221504,'南溪','NanXi'),(101221505,'金寨','JinZhai'),(101221506,'霍山','HuoShan'),(101221507,'舒城','ShuCheng'),(101221601,'巢湖','ChaoHu'),(101221602,'庐江','LuJiang'),(101221603,'无为','WuWei'),(101221604,'含山','HanShan'),(101221605,'和县','HeXian'),(101221701,'池州','ChiZhou'),(101221702,'东至','DongZhi'),(101221703,'青阳','QingYang'),(101221704,'九华山','JiuHuaShan'),(101221705,'石台','ShiTai'),(101230101,'福州','FuZhou'),(101230102,'闽清','MinQing'),(101230103,'闽侯','MinHou'),(101230104,'罗源','LuoYuan'),(101230105,'连江','LianJiang'),(101230106,'马祖','MaZu'),(101230107,'永泰','YongTai'),(101230108,'平潭','PingTan'),(101230109,'福州郊区','FuZhouJiaoQu'),(101230110,'长乐','ChangLe'),(101230111,'福清','FuQing'),(101230112,'平潭海峡大桥','PingTanHaiXiaDaQiao'),(101230201,'厦门','XiaMen'),(101230202,'同安','TongAn'),(101230301,'宁德','NingDe'),(101230302,'古田','GuTian'),(101230303,'霞浦','XiaPu'),(101230304,'寿宁','ShouNing'),(101230305,'周宁','ZhouNing'),(101230306,'福安','FuAn'),(101230307,'柘荣','ZheRong'),(101230308,'福鼎','FuDing'),(101230309,'屏南','PingNan'),(101230401,'莆田','PuTian'),(101230402,'仙游','XianYou'),(101230403,'秀屿港','XiuYuGang'),(101230501,'泉州','QuanZhou'),(101230502,'安溪','AnXi'),(101230503,'九仙山','JiuXianShan'),(101230504,'永春','YongChun'),(101230505,'德化','DeHua'),(101230506,'南安','NanAn'),(101230507,'崇武','ChongWu'),(101230508,'金山','JinShan'),(101230509,'晋江','JinJiang'),(101230601,'漳州','ZhangZhou'),(101230602,'长泰','ChangTai'),(101230603,'南靖','NanJing'),(101230604,'平和','PingHe'),(101230605,'龙海','LongHai'),(101230606,'漳浦','ZhangPu'),(101230607,'诏安','ZhaoAn'),(101230608,'东山','DongShan'),(101230609,'云霄','YunXiao'),(101230610,'华安','HuaAn'),(101230701,'龙岩','LongYan'),(101230702,'长汀','ChangTing'),(101230703,'连城','LianCheng'),(101230704,'武平','WuPing'),(101230705,'上杭','ShangHang'),(101230706,'永定','YongDing'),(101230707,'漳平','ZhangPing'),(101230801,'三明','SanMing'),(101230802,'宁化','NingHua'),(101230803,'清流','QingLiu'),(101230804,'泰宁','TaiNing'),(101230805,'将乐','JiangLe'),(101230806,'建宁','JianNing'),(101230807,'明溪','MingXi'),(101230808,'沙县','ShaXian'),(101230809,'尤溪','YouXi'),(101230810,'永安','YongAn'),(101230811,'大田','DaTian'),(101230901,'南平','NanPing'),(101230902,'顺昌','ShunChang'),(101230903,'光泽','GuangZe'),(101230904,'邵武','ShaoWu'),(101230905,'武夷山','WuYiShan'),(101230906,'浦城','PuCheng'),(101230907,'建阳','JianYang'),(101230908,'松溪','SongXi'),(101230909,'政和','ZhengHe'),(101230910,'建瓯','JianOu'),(101240101,'南昌','NanChang'),(101240102,'新建','XinJian'),(101240103,'南昌县','NanChangXian'),(101240104,'安义','AnYi'),(101240105,'进贤','JinXian'),(101240106,'莲塘','LianTang'),(101240201,'九江','JiuJiang'),(101240202,'瑞昌','RuiChang'),(101240203,'庐山','LuShan'),(101240204,'武宁','WuNing'),(101240205,'德安','DeAn'),(101240206,'永修','YongXiu'),(101240207,'湖口','HuKou'),(101240208,'彭泽','PengZe'),(101240209,'星子','XingZi'),(101240210,'都昌','DuChang'),(101240211,'棠荫','TangYin'),(101240212,'修水','XiuShui'),(101240301,'上饶','ShangRao'),(101240302,'鄱阳','PanYang'),(101240303,'婺源','MouYuan'),(101240304,'康山','KangShan'),(101240305,'余干','YuGan'),(101240306,'万年','WanNian'),(101240307,'德兴','DeXing'),(101240308,'上饶县','ShangRaoXian'),(101240309,'弋阳','YiYang'),(101240310,'横峰','HengFeng'),(101240311,'铅山','QianShan'),(101240312,'玉山','YuShan'),(101240313,'广丰','GuangFeng'),(101240314,'波阳','BoYang'),(101240401,'抚州','FuZhou'),(101240402,'广昌','GuangChang'),(101240403,'乐安','LeAn'),(101240404,'崇仁','ChongRen'),(101240405,'金溪','JinXi'),(101240406,'资溪','ZiXi'),(101240407,'宜黄','YiHuang'),(101240408,'南城','NanCheng'),(101240409,'南丰','NanFeng'),(101240410,'黎川','LiChuan'),(101240411,'东乡','DongXiang'),(101240501,'宜春','YiChun'),(101240502,'铜鼓','TongGu'),(101240503,'宜丰','YiFeng'),(101240504,'万载','WanZai'),(101240505,'上高','ShangGao'),(101240506,'靖安','JingAn'),(101240507,'奉新','FengXin'),(101240508,'高安','GaoAn'),(101240509,'樟树','ZhangShu'),(101240510,'丰城','FengCheng'),(101240601,'吉安','JiAn'),(101240602,'吉安县','JiAnXian'),(101240603,'吉水','JiShui'),(101240604,'新干','XinGan'),(101240605,'峡江','XiaJiang'),(101240606,'永丰','YongFeng'),(101240607,'永新','YongXin'),(101240608,'井冈山','JingGangShan'),(101240609,'万安','WanAn'),(101240610,'遂川','SuiChuan'),(101240611,'泰和','TaiHe'),(101240612,'安福','AnFu'),(101240613,'宁冈','NingGang'),(101240701,'赣州','GanZhou'),(101240702,'崇义','ChongYi'),(101240703,'上犹','ShangYou'),(101240704,'南康','NanKang'),(101240705,'大余','DaYu'),(101240706,'信丰','XinFeng'),(101240707,'宁都','NingDu'),(101240708,'石城','ShiCheng'),(101240709,'瑞金','RuiJin'),(101240710,'于都','YuDu'),(101240711,'会昌','HuiChang'),(101240712,'安远','AnYuan'),(101240713,'全南','QuanNan'),(101240714,'龙南','LongNan'),(101240715,'定南','DingNan'),(101240716,'寻乌','XunWu'),(101240717,'兴国','XingGuo'),(101240801,'景德镇','JingDeZhen'),(101240802,'乐平','LePing'),(101240901,'萍乡','PingXiang'),(101240902,'莲花','LianHua'),(101241001,'新余','XinYu'),(101241002,'分宜','FenYi'),(101241101,'鹰潭','YingTan'),(101241102,'余江','YuJiang'),(101241103,'贵溪','GuiXi'),(101250101,'长沙','ChangSha'),(101250102,'宁乡','NingXiang'),(101250103,'浏阳','LiuYang'),(101250104,'马坡岭','MaPoLing'),(101250201,'湘潭','XiangTan'),(101250202,'韶山','ShaoShan'),(101250203,'湘乡','XiangXiang'),(101250301,'株洲','ZhuZhou'),(101250302,'攸县','YouXian'),(101250303,'醴陵','LiLing'),(101250304,'株洲县','ZhuZhouXian'),(101250305,'茶陵','ChaLing'),(101250306,'炎陵','YanLing'),(101250401,'衡阳','HengYang'),(101250402,'衡山','HengShan'),(101250403,'衡东','HengDong'),(101250404,'祁东','QiDong'),(101250405,'衡阳县','HengYangXian'),(101250406,'常宁','ChangNing'),(101250407,'衡南','HengNan'),(101250408,'耒阳','LeiYang'),(101250409,'南岳','NanYue'),(101250501,'郴州','ChenZhou'),(101250502,'桂阳','GuiYang'),(101250503,'嘉禾','JiaHe'),(101250504,'宜章','YiZhang'),(101250505,'临武','LinWu'),(101250506,'桥口','QiaoKou'),(101250507,'资兴','ZiXing'),(101250508,'汝城','RuCheng'),(101250509,'安仁','AnRen'),(101250510,'永兴','YongXing'),(101250511,'桂东','GuiDong'),(101250601,'常德','ChangDe'),(101250602,'安乡','AnXiang'),(101250603,'桃源','TaoYuan'),(101250604,'汉寿','HanShou'),(101250605,'澧县','LiXian'),(101250606,'临澧','LinLi'),(101250607,'石门','ShiMen'),(101250700,'益阳','YiYang'),(101250701,'赫山区','HeShanQu'),(101250702,'南县','NanXian'),(101250703,'桃江','TaoJiang'),(101250704,'安化','AnHua'),(101250705,'沅江','YuanJiang'),(101250801,'娄底','LouDi'),(101250802,'双峰','ShuangFeng'),(101250803,'冷水江','LengShuiJiang'),(101250804,'冷水滩','LengShuiTan'),(101250805,'新化','XinHua'),(101250806,'涟源','LianYuan'),(101250901,'邵阳','ShaoYang'),(101250902,'隆回','LongHui'),(101250903,'洞口','DongKou'),(101250904,'新邵','XinShao'),(101250905,'邵东','ShaoDong'),(101250906,'绥宁','SuiNing'),(101250907,'新宁','XinNing'),(101250908,'武冈','WuGang'),(101250909,'城步','ChengBu'),(101250910,'邵阳县','ShaoYangXian'),(101251001,'岳阳','YueYang'),(101251002,'华容','HuaRong'),(101251003,'湘阴','XiangYin'),(101251004,'汨罗','MiLuo'),(101251005,'平江','PingJiang'),(101251006,'临湘','LinXiang'),(101251101,'张家界','ZhangJiaJie'),(101251102,'桑植','SangZhi'),(101251103,'慈利','CiLi'),(101251201,'怀化','HuaiHua'),(101251202,'鹤城区','HeChengQu'),(101251203,'沅陵','YuanLing'),(101251204,'辰溪','ChenXi'),(101251205,'靖州','JingZhou'),(101251206,'会同','HuiTong'),(101251207,'通道','TongDao'),(101251208,'麻阳','MaYang'),(101251209,'新晃','XinHuang'),(101251210,'芷江','ZhiJiang'),(101251211,'溆浦','XuPu'),(101251301,'黔阳','QianYang'),(101251302,'洪江','HongJiang'),(101251401,'永州','YongZhou'),(101251402,'祁阳','QiYang'),(101251403,'东安','DongAn'),(101251404,'双牌','ShuangPai'),(101251405,'道县','DaoXian'),(101251406,'宁远','NingYuan'),(101251407,'江永','JiangYong'),(101251408,'蓝山','LanShan'),(101251409,'新田','XinTian'),(101251410,'江华','JiangHua'),(101251501,'吉首','JiShou'),(101251502,'保靖','BaoJing'),(101251503,'永顺','YongShun'),(101251504,'古丈','GuZhang'),(101251505,'凤凰','FengHuang'),(101251506,'泸溪','LuXi'),(101251507,'龙山','LongShan'),(101251508,'花垣','HuaYuan'),(101260101,'贵阳','GuiYang'),(101260102,'白云','BaiYun'),(101260103,'花溪','HuaXi'),(101260104,'乌当','WuDang'),(101260105,'息烽','XiFeng'),(101260106,'开阳','KaiYang'),(101260107,'修文','XiuWen'),(101260108,'清镇','QingZhen'),(101260201,'遵义','ZunYi'),(101260202,'遵义县','ZunYiXian'),(101260203,'仁怀','RenHuai'),(101260204,'绥阳','SuiYang'),(101260205,'湄潭','MeiTan'),(101260206,'凤冈','FengGang'),(101260207,'桐梓','TongZi'),(101260208,'赤水','ChiShui'),(101260209,'习水','XiShui'),(101260210,'道真','DaoZhen'),(101260211,'正安','ZhengAn'),(101260212,'务川','WuChuan'),(101260213,'余庆','YuQing'),(101260214,'汇川','HuiChuan'),(101260301,'安顺','AnShun'),(101260302,'普定','PuDing'),(101260303,'镇宁','ZhenNing'),(101260304,'平坝','PingBa'),(101260305,'紫云','ZiYun'),(101260306,'关岭','GuanLing'),(101260401,'都匀','DuYun'),(101260402,'贵定','GuiDing'),(101260403,'瓮安','WengAn'),(101260404,'长顺','ChangShun'),(101260405,'福泉','FuQuan'),(101260406,'惠水','HuiShui'),(101260407,'龙里','LongLi'),(101260408,'罗甸','LuoDian'),(101260409,'平塘','PingTang'),(101260410,'独山','DuShan'),(101260411,'三都','SanDu'),(101260412,'荔波','LiBo'),(101260501,'凯里','KaiLi'),(101260502,'岑巩','CenGong'),(101260503,'施秉','ShiBing'),(101260504,'镇远','ZhenYuan'),(101260505,'黄平','HuangPing'),(101260506,'黄平旧洲','HuangPingJiuZhou'),(101260507,'麻江','MaJiang'),(101260508,'丹寨','DanZhai'),(101260509,'三穗','SanSui'),(101260510,'台江','TaiJiang'),(101260511,'剑河','JianHe'),(101260512,'雷山','LeiShan'),(101260513,'黎平','LiPing'),(101260514,'天柱','TianZhu'),(101260515,'锦屏','JinPing'),(101260516,'榕江','RongJiang'),(101260517,'从江','CongJiang'),(101260518,'炉山','LuShan'),(101260601,'铜仁','TongRen'),(101260602,'江口','JiangKou'),(101260603,'玉屏','YuPing'),(101260604,'万山','WanShan'),(101260605,'思南','SiNan'),(101260606,'塘头','TangTou'),(101260607,'印江','YinJiang'),(101260608,'石阡','ShiQian'),(101260609,'沿河','YanHe'),(101260610,'德江','DeJiang'),(101260611,'松桃','SongTao'),(101260701,'毕节','BiJie'),(101260702,'赫章','HeZhang'),(101260703,'金沙','JinSha'),(101260704,'威宁','WeiNing'),(101260705,'大方','DaFang'),(101260706,'纳雍','NaYong'),(101260707,'织金','ZhiJin'),(101260801,'六盘水','LiuPanShui'),(101260802,'六枝','LiuZhi'),(101260803,'水城','ShuiCheng'),(101260804,'盘县','PanXian'),(101260901,'黔西','QianXi'),(101260902,'晴隆','QingLong'),(101260903,'兴仁','XingRen'),(101260904,'贞丰','ZhenFeng'),(101260905,'望谟','WangMo'),(101260906,'兴义','XingYi'),(101260907,'安龙','AnLong'),(101260908,'册亨','CeHeng'),(101260909,'普安','PuAn'),(101270101,'成都','ChengDu'),(101270102,'龙泉驿','LongQuanYi'),(101270103,'新都','XinDu'),(101270104,'温江','WenJiang'),(101270105,'金堂','JinTang'),(101270106,'双流','ShuangLiu'),(101270107,'郫县','PiXian'),(101270108,'大邑','DaYi'),(101270109,'蒲江','PuJiang'),(101270110,'新津','XinJin'),(101270111,'都江堰','DuJiangYan'),(101270112,'彭州','PengZhou'),(101270113,'邛崃','QiongLai'),(101270114,'崇州','ChongZhou'),(101270115,'崇庆','ChongQing'),(101270116,'彭县','PengXian'),(101270201,'攀枝花','PanZhiHua'),(101270202,'仁和','RenHe'),(101270203,'米易','MiYi'),(101270204,'盐边','YanBian'),(101270301,'自贡','ZiGong'),(101270302,'富顺','FuShun'),(101270303,'荣县','RongXian'),(101270401,'绵阳','MianYang'),(101270402,'三台','SanTai'),(101270403,'盐亭','YanTing'),(101270404,'安县','AnXian'),(101270405,'梓潼','ZiChong'),(101270406,'北川','BeiChuan'),(101270407,'平武','PingWu'),(101270408,'江油','JiangYou'),(101270501,'南充','NanChong'),(101270502,'南部','NanBu'),(101270503,'营山','YingShan'),(101270504,'蓬安','PengAn'),(101270505,'仪陇','YiLong'),(101270506,'西充','XiChong'),(101270507,'阆中','LangZhong'),(101270601,'达州','DaZhou'),(101270602,'宣汉','XuanHan'),(101270603,'开江','KaiJiang'),(101270604,'大竹','DaZhu'),(101270605,'渠县','QuXian'),(101270606,'万源','WanYuan'),(101270607,'达川','DaChuan'),(101270701,'遂宁','SuiNing'),(101270702,'蓬溪','PengXi'),(101270703,'射洪','SheHong'),(101270801,'广安','GuangAn'),(101270802,'岳池','YueChi'),(101270803,'武胜','WuSheng'),(101270804,'邻水','LinShui'),(101270805,'华蓥山','HuaYingShan'),(101270901,'巴中','BaZhong'),(101270902,'通江','TongJiang'),(101270903,'南江','NanJiang'),(101270904,'平昌','PingChang'),(101271001,'泸州','LuZhou'),(101271003,'泸县','LuXian'),(101271004,'合江','HeJiang'),(101271005,'叙永','XuYong'),(101271006,'古蔺','GuLin'),(101271007,'纳溪','NaXi'),(101271101,'宜宾','YiBin'),(101271102,'宜宾农试站','YiBinNongShiZhan'),(101271103,'宜宾县','YiBinXian'),(101271104,'南溪','NanXi'),(101271105,'江安','JiangAn'),(101271106,'长宁','ChangNing'),(101271107,'高县','GaoXian'),(101271108,'珙县','GongXian'),(101271109,'筠连','JunLian'),(101271110,'兴文','XingWen'),(101271111,'屏山','PingShan'),(101271201,'内江','NeiJiang'),(101271202,'东兴','DongXing'),(101271203,'威远','WeiYuan'),(101271204,'资中','ZiZhong'),(101271205,'隆昌','LongChang'),(101271301,'资阳','ZiYang'),(101271302,'安岳','AnYue'),(101271303,'乐至','LeZhi'),(101271304,'简阳','JianYang'),(101271401,'乐山','LeShan'),(101271402,'犍为','JianWei'),(101271403,'井研','JingYan'),(101271404,'夹江','JiaJiang'),(101271405,'沐川','MuChuan'),(101271406,'峨边','EBian'),(101271407,'马边','MaBian'),(101271408,'峨眉','EMei'),(101271409,'峨眉山','EMeiShan'),(101271501,'眉山','MeiShan'),(101271502,'仁寿','RenShou'),(101271503,'彭山','PengShan'),(101271504,'洪雅','HongYa'),(101271505,'丹棱','DanLeng'),(101271506,'青神','QingShen'),(101271601,'凉山','LiangShan'),(101271603,'木里','MuLi'),(101271604,'盐源','YanYuan'),(101271605,'德昌','DeChang'),(101271606,'会理','HuiLi'),(101271607,'会东','HuiDong'),(101271608,'宁南','NingNan'),(101271609,'普格','PuGe'),(101271610,'西昌','XiChang'),(101271611,'金阳','JinYang'),(101271612,'昭觉','ZhaoJue'),(101271613,'喜德','XiDe'),(101271614,'冕宁','MianNing'),(101271615,'越西','YueXi'),(101271616,'甘洛','GanLuo'),(101271617,'雷波','LeiBo'),(101271618,'美姑','MeiGu'),(101271619,'布拖','BuTuo'),(101271701,'雅安','YaAn'),(101271702,'名山','MingShan'),(101271703,'荣经','RongJing'),(101271704,'汉源','HanYuan'),(101271705,'石棉','ShiMian'),(101271706,'天全','TianQuan'),(101271707,'芦山','LuShan'),(101271708,'宝兴','BaoXing'),(101271801,'甘孜','GanZi'),(101271802,'康定','KangDing'),(101271803,'泸定','LuDing'),(101271804,'丹巴','DanBa'),(101271805,'九龙','JiuLong'),(101271806,'雅江','YaJiang'),(101271807,'道孚','DaoFu'),(101271808,'炉霍','LuHuo'),(101271809,'新龙','XinLong'),(101271810,'德格','DeGe'),(101271811,'白玉','BaiYu'),(101271812,'石渠','ShiQu'),(101271813,'色达','SeDa'),(101271814,'理塘','LiTang'),(101271815,'巴塘','BaTang'),(101271816,'乡城','XiangCheng'),(101271817,'稻城','DaoCheng'),(101271818,'得荣','DeRong'),(101271901,'阿坝','ABa'),(101271902,'汶川','MenChuan'),(101271903,'理县','LiXian'),(101271904,'茂县','MaoXian'),(101271905,'松潘','SongPan'),(101271906,'九寨沟','JiuZhaiGou'),(101271907,'金川','JinChuan'),(101271908,'小金','XiaoJin'),(101271909,'黑水','HeiShui'),(101271910,'马尔康','MaErKang'),(101271911,'壤塘','RangTang'),(101271912,'若尔盖','RuoErGai'),(101271913,'红原','HongYuan'),(101271914,'南坪','NanPing'),(101272001,'德阳','DeYang'),(101272002,'中江','ZhongJiang'),(101272003,'广汉','GuangHan'),(101272004,'什邡','ShiFang'),(101272005,'绵竹','MianZhu'),(101272006,'罗江','LuoJiang'),(101272101,'广元','GuangYuan'),(101272102,'旺苍','WangCang'),(101272103,'青川','QingChuan'),(101272104,'剑阁','JianGe'),(101272105,'苍溪','CangXi'),(101280101,'广州','GuangZhou'),(101280102,'番禺','FanYu'),(101280103,'从化','CongHua'),(101280104,'增城','ZengCheng'),(101280105,'花都','HuaDu'),(101280106,'天河','TianHe'),(101280201,'韶关','ShaoGuan'),(101280202,'乳源','RuYuan'),(101280203,'始兴','ShiXing'),(101280204,'翁源','WengYuan'),(101280205,'乐昌','LeChang'),(101280206,'仁化','RenHua'),(101280207,'南雄','NanXiong'),(101280208,'新丰','XinFeng'),(101280209,'曲江','QuJiang'),(101280301,'惠州','HuiZhou'),(101280302,'博罗','BoLuo'),(101280303,'惠阳','HuiYang'),(101280304,'惠东','HuiDong'),(101280305,'龙门','LongMen'),(101280401,'梅州','MeiZhou'),(101280402,'兴宁','XingNing'),(101280403,'蕉岭','JiaoLing'),(101280404,'大埔','DaPu'),(101280406,'丰顺','FengShun'),(101280407,'平远','PingYuan'),(101280408,'五华','WuHua'),(101280409,'梅县','MeiXian'),(101280501,'汕头','ShanTou'),(101280502,'潮阳','ChaoYang'),(101280503,'澄海','ChengHai'),(101280504,'南澳','NanAo'),(101280505,'云澳','YunAo'),(101280506,'南澎岛','NanPengDao'),(101280601,'深圳','ShenChou'),(101280701,'珠海','ZhuHai'),(101280702,'斗门','DouMen'),(101280703,'黄茅洲','HuangMaoZhou'),(101280800,'佛山','FoShan'),(101280801,'顺德','ShunDe'),(101280802,'三水','SanShui'),(101280803,'南海','NanHai'),(101280901,'肇庆','ZhaoQing'),(101280902,'广宁','GuangNing'),(101280903,'四会','SiHui'),(101280905,'德庆','DeQing'),(101280906,'怀集','HuaiJi'),(101280907,'封开','FengKai'),(101280908,'高要','GaoYao'),(101281001,'湛江','ZhanJiang'),(101281002,'吴川','WuChuan'),(101281003,'雷州','LeiZhou'),(101281004,'徐闻','XuWen'),(101281005,'廉江','LianJiang'),(101281006,'硇洲','NaoZhou'),(101281007,'遂溪','SuiXi'),(101281101,'江门','JiangMen'),(101281103,'开平','KaiPing'),(101281104,'新会','XinHui'),(101281105,'恩平','EnPing'),(101281106,'台山','TaiShan'),(101281107,'上川岛','ShangChuanDao'),(101281108,'鹤山','HeShan'),(101281201,'河源','HeYuan'),(101281202,'紫金','ZiJin'),(101281203,'连平','LianPing'),(101281204,'和平','HePing'),(101281205,'龙川','LongChuan'),(101281301,'清远','QingYuan'),(101281302,'连南','LianNan'),(101281303,'连州','LianZhou'),(101281304,'连山','LianShan'),(101281305,'阳山','YangShan'),(101281306,'佛冈','FoGang'),(101281307,'英德','YingDe'),(101281401,'云浮','YunFu'),(101281402,'罗定','LuoDing'),(101281403,'新兴','XinXing'),(101281404,'郁南','YuNan'),(101281501,'潮州','ChaoZhou'),(101281502,'饶平','RaoPing'),(101281601,'东莞','DongGuan'),(101281701,'中山','ZhongShan'),(101281801,'阳江','YangJiang'),(101281802,'阳春','YangChun'),(101281901,'揭阳','JieYang'),(101281902,'揭西','JieXi'),(101281903,'普宁','PuNing'),(101281904,'惠来','HuiLai'),(101282001,'茂名','MaoMing'),(101282002,'高州','GaoZhou'),(101282003,'化州','HuaZhou'),(101282004,'电白','DianBai'),(101282005,'信宜','XinYi'),(101282101,'汕尾','ShanWei'),(101282102,'海丰','HaiFeng'),(101282103,'陆丰','LuFeng'),(101282104,'遮浪','ZheLang'),(101282105,'东沙岛','DongShaDao'),(101290101,'昆明','KunMing'),(101290102,'昆明农试站','KunMingNongShiZhan'),(101290103,'东川','DongChuan'),(101290104,'寻甸','XunDian'),(101290105,'晋宁','JinNing'),(101290106,'宜良','YiLiang'),(101290107,'石林','ShiLin'),(101290108,'呈贡','ChengGong'),(101290109,'富民','FuMin'),(101290110,'嵩明','SongMing'),(101290111,'禄劝','LuQuan'),(101290112,'安宁','AnNing'),(101290113,'太华山','TaiHuaShan'),(101290114,'河口','HeKou'),(101290201,'大理','DaLi'),(101290202,'云龙','YunLong'),(101290203,'漾鼻','YangBi'),(101290204,'永平','YongPing'),(101290205,'宾川','BinChuan'),(101290206,'弥渡','MiDu'),(101290207,'祥云','XiangYun'),(101290208,'魏山','WeiShan'),(101290209,'剑川','JianChuan'),(101290210,'洱源','ErYuan'),(101290211,'鹤庆','HeQing'),(101290212,'南涧','NanJian'),(101290301,'红河','HongHe'),(101290302,'石屏','ShiPing'),(101290303,'建水','JianShui'),(101290304,'弥勒','MiLe'),(101290305,'元阳','YuanYang'),(101290306,'绿春','LvChun'),(101290307,'开远','KaiYuan'),(101290308,'个旧','GeJiu'),(101290309,'蒙自','MengZi'),(101290310,'屏边','PingBian'),(101290311,'泸西','LuXi'),(101290312,'金平','JinPing'),(101290401,'曲靖','QuJing'),(101290402,'沾益','ZhanYi'),(101290403,'陆良','LuLiang'),(101290404,'富源','FuYuan'),(101290405,'马龙','MaLong'),(101290406,'师宗','ShiZong'),(101290407,'罗平','LuoPing'),(101290408,'会泽','HuiZe'),(101290409,'宣威','XuanWei'),(101290501,'保山','BaoShan'),(101290502,'富宁','FuNing'),(101290503,'龙陵','LongLing'),(101290504,'施甸','ShiDian'),(101290505,'昌宁','ChangNing'),(101290506,'腾冲','TengChong'),(101290601,'文山','WenShan'),(101290602,'西畴','XiChou'),(101290603,'马关','MaGuan'),(101290604,'麻栗坡','MaLiPo'),(101290605,'砚山','YanShan'),(101290606,'邱北','QiuBei'),(101290607,'广南','GuangNan'),(101290701,'玉溪','YuXi'),(101290702,'澄江','ChengJiang'),(101290703,'江川','JiangChuan'),(101290704,'通海','TongHai'),(101290705,'华宁','HuaNing'),(101290706,'新平','XinPing'),(101290707,'易门','YiMen'),(101290708,'峨山','EShan'),(101290709,'元江','YuanJiang'),(101290801,'楚雄','ChuXiong'),(101290802,'大姚','DaYao'),(101290803,'元谋','YuanMou'),(101290804,'姚安','YaoAn'),(101290805,'牟定','MouDing'),(101290806,'南华','NanHua'),(101290807,'武定','WuDing'),(101290808,'禄丰','LuFeng'),(101290809,'双柏','ShuangBai'),(101290810,'永仁','YongRen'),(101290901,'普洱','PuEr'),(101290902,'景谷','JingGu'),(101290903,'景东','JingDong'),(101290904,'澜沧','LanCang'),(101290905,'普洱','PuEr'),(101290906,'墨江','MoJiang'),(101290907,'江城','JiangCheng'),(101290908,'孟连','MengLian'),(101290909,'西盟','XiMeng'),(101290910,'镇源','ZhenYuan'),(101290911,'镇沅','ZhenYuan'),(101290912,'宁洱','NingEr'),(101291001,'昭通','ZhaoTong'),(101291002,'鲁甸','LuDian'),(101291003,'彝良','YiLiang'),(101291004,'镇雄','ZhenXiong'),(101291005,'威信','WeiXin'),(101291006,'巧家','QiaoJia'),(101291007,'绥江','SuiJiang'),(101291008,'永善','YongShan'),(101291009,'盐津','YanJin'),(101291010,'大关','DaGuan'),(101291101,'临沧','LinCang'),(101291102,'沧源','CangYuan'),(101291103,'耿马','GengMa'),(101291104,'双江','ShuangJiang'),(101291105,'凤庆','FengQing'),(101291106,'永德','YongDe'),(101291107,'云县','YunXian'),(101291108,'镇康','ZhenKang'),(101291201,'怒江','NuJiang'),(101291203,'福贡','FuGong'),(101291204,'兰坪','LanPing'),(101291205,'泸水','LuShui'),(101291206,'六库','LiuKu'),(101291207,'贡山','GongShan'),(101291301,'香格里拉','XiangGeLiLa'),(101291302,'德钦','DeQin'),(101291303,'维西','WeiXi'),(101291304,'中甸','ZhongDian'),(101291401,'丽江','LiJiang'),(101291402,'永胜','YongSheng'),(101291403,'华坪','HuaPing'),(101291404,'宁蒗','NingLang'),(101291501,'德宏','DeHong'),(101291502,'潞江坝','LuJiangBa'),(101291503,'陇川','LongChuan'),(101291504,'盈江','YingJiang'),(101291505,'畹町镇','WanDingZhen'),(101291506,'瑞丽','RuiLi'),(101291507,'梁河','LiangHe'),(101291508,'潞西','LuXi'),(101291601,'景洪','JingHong'),(101291602,'大勐龙','DaMengLong'),(101291603,'勐海','MengHai'),(101291604,'景洪电站','JingHongDianZhan'),(101291605,'勐腊','MengLa'),(101300101,'南宁','NanNing'),(101300102,'南宁城区','NanNingChengQu'),(101300103,'邕宁','YongNing'),(101300104,'横县','HengXian'),(101300105,'隆安','LongAn'),(101300106,'马山','MaShan'),(101300107,'上林','ShangLin'),(101300108,'武鸣','WuMing'),(101300109,'宾阳','BinYang'),(101300110,'硕龙','ShuoLong'),(101300201,'崇左','ChongZuo'),(101300202,'天等','TianDeng'),(101300203,'龙州','LongZhou'),(101300204,'凭祥','PingXiang'),(101300205,'大新','DaXin'),(101300206,'扶绥','FuSui'),(101300207,'宁明','NingMing'),(101300208,'海渊','HaiYuan'),(101300301,'柳州','LiuZhou'),(101300302,'柳城','LiuCheng'),(101300303,'沙塘','ShaTang'),(101300304,'鹿寨','LuZhai'),(101300305,'柳江','LiuJiang'),(101300306,'融安','RongAn'),(101300307,'融水','RongShui'),(101300308,'三江','SanJiang'),(101300401,'来宾','LaiBin'),(101300402,'忻城','XinCheng'),(101300403,'金秀','JinXiu'),(101300404,'象州','XiangZhou'),(101300405,'武宣','WuXuan'),(101300501,'桂林','GuiLin'),(101300502,'桂林农试站','GuiLinNongShiZhan'),(101300503,'龙胜','LongSheng'),(101300504,'永福','YongFu'),(101300505,'临桂','LinGui'),(101300506,'兴安','XingAn'),(101300507,'灵川','LingChuan'),(101300508,'全州','QuanZhou'),(101300509,'灌阳','GuanYang'),(101300510,'阳朔','YangShuo'),(101300511,'恭城','GongCheng'),(101300512,'平乐','PingLe'),(101300513,'荔浦','LiPu'),(101300514,'资源','ZiYuan'),(101300601,'梧州','WuZhou'),(101300602,'藤县','TengXian'),(101300603,'太平','TaiPing'),(101300604,'苍梧','CangWu'),(101300605,'蒙山','MengShan'),(101300606,'岑溪','CenXi'),(101300701,'贺州','HeZhou'),(101300702,'昭平','ZhaoPing'),(101300703,'富川','FuChuan'),(101300704,'钟山','ZhongShan'),(101300705,'信都','XinDu'),(101300801,'贵港','GuiGang'),(101300802,'桂平','GuiPing'),(101300803,'平南','PingNan'),(101300901,'玉林','YuLin'),(101300902,'博白','BoBai'),(101300903,'北流','BeiLiu'),(101300904,'容县','RongXian'),(101300905,'陆川','LuChuan'),(101301001,'百色','BaiSe'),(101301002,'那坡','NaPo'),(101301003,'田阳','TianYang'),(101301004,'德保','DeBao'),(101301005,'靖西','JingXi'),(101301006,'田东','TianDong'),(101301007,'平果','PingGuo'),(101301008,'隆林','LongLin'),(101301009,'西林','XiLin'),(101301010,'乐业','LeYe'),(101301011,'凌云','LingYun'),(101301012,'田林','TianLin'),(101301101,'钦州','QinZhou'),(101301102,'浦北','PuBei'),(101301103,'灵山','LingShan'),(101301201,'河池','HeChi'),(101301202,'天峨','TianE'),(101301203,'东兰','DongLan'),(101301204,'巴马','BaMa'),(101301205,'环江','HuanJiang'),(101301206,'罗城','LuoCheng'),(101301207,'宜州','YiZhou'),(101301208,'凤山','FengShan'),(101301209,'南丹','NanDan'),(101301210,'都安','DuAn'),(101301301,'北海','BeiHai'),(101301302,'合浦','HePu'),(101301303,'涠洲岛','WeiZhouDao'),(101301401,'防城港','FangChengGang'),(101301402,'上思','ShangSi'),(101301403,'东兴','DongXing'),(101301404,'板栏','BanLan'),(101301405,'防城','FangCheng'),(101310101,'海口','HaiKou'),(101310102,'琼山','QiongShan'),(101310201,'三亚','SanYa'),(101310202,'东方','DongFang'),(101310203,'临高','LinGao'),(101310204,'澄迈','ChengMai'),(101310205,'儋州','DanZhou'),(101310206,'昌江','ChangJiang'),(101310207,'白沙','BaiSha'),(101310208,'琼中','QiongZhong'),(101310209,'定安','DingAn'),(101310210,'屯昌','TunChang'),(101310211,'琼海','QiongHai'),(101310212,'文昌','WenChang'),(101310213,'清兰','QingLan'),(101310214,'保亭','BaoTing'),(101310215,'万宁','WanNing'),(101310216,'陵水','LingShui'),(101310217,'西沙','XiSha'),(101310218,'珊瑚岛','ShanHuDao'),(101310219,'永署礁','YongShuJiao'),(101310220,'南沙岛','NanShaDao'),(101310221,'乐东','LeDong'),(101310222,'五指山','WuZhiShan'),(101310223,'通什','TongShi'),(101320101,'香港','XiangGang'),(101320102,'九龙','JiuLong'),(101320103,'新界','XinJie'),(101320104,'中环','ZhongHuan'),(101320105,'铜锣湾','TongLuoWan'),(101330101,'澳门','AoMen'),(101340101,'台北县','TaiBeiXian'),(101340102,'台北市','TaiBeiShi'),(101340201,'高雄','GaoXiong'),(101340202,'东港','DongGang'),(101340203,'大武','DaWu'),(101340204,'恒春','HengChun'),(101340205,'兰屿','LanYu'),(101340301,'台南','TaiNan'),(101340401,'台中','TaiZhong'),(101340501,'桃园','TaoYuan'),(101340601,'新竹县','XinZhuXian'),(101340602,'新竹市','XinZhuShi'),(101340603,'公馆','GongGuan'),(101340701,'宜兰','YiLan'),(101340801,'马公','MaGong'),(101340802,'东吉屿','DongJiYu'),(101340901,'嘉义','JiaYi'),(101340902,'阿里山','ALiShan'),(101340903,'玉山','YuShan'),(101340904,'新港','XinGang');
/*!40000 ALTER TABLE `weather_tab` ENABLE KEYS */;
UNLOCK TABLES;
/*!40103 SET TIME_ZONE=@OLD_TIME_ZONE */;

/*!40101 SET SQL_MODE=@OLD_SQL_MODE */;
/*!40014 SET FOREIGN_KEY_CHECKS=@OLD_FOREIGN_KEY_CHECKS */;
/*!40014 SET UNIQUE_CHECKS=@OLD_UNIQUE_CHECKS */;
/*!40101 SET CHARACTER_SET_CLIENT=@OLD_CHARACTER_SET_CLIENT */;
/*!40101 SET CHARACTER_SET_RESULTS=@OLD_CHARACTER_SET_RESULTS */;
/*!40101 SET COLLATION_CONNECTION=@OLD_COLLATION_CONNECTION */;
/*!40111 SET SQL_NOTES=@OLD_SQL_NOTES */;

-- Dump completed on 2011-08-10 22:06:58
